trial,testing,parameters,initial_deadline,final_deadline,net_reward,actions,success
1,False,"{'a': 0.1, 'e': 0.9999975}",30,0,-194.86209411181014,"{0: 14, 1: 6, 2: 6, 3: 2, 4: 2}",0
2,False,"{'a': 0.1, 'e': 0.9999925}",25,0,-98.16270322393787,"{0: 17, 1: 1, 2: 5, 3: 1, 4: 1}",0
3,False,"{'a': 0.1, 'e': 0.9999849999999999}",20,0,-88.98784207015851,"{0: 11, 1: 3, 2: 5, 3: 0, 4: 1}",0
4,False,"{'a': 0.1, 'e': 0.999975}",30,8,-99.65470231896583,"{0: 14, 1: 4, 2: 2, 3: 0, 4: 2}",1
5,False,"{'a': 0.1, 'e': 0.9999625}",25,0,-49.43910835931604,"{0: 18, 1: 2, 2: 4, 3: 1, 4: 0}",0
6,False,"{'a': 0.1, 'e': 0.9999475}",20,0,-91.51303893330653,"{0: 12, 1: 1, 2: 6, 3: 0, 4: 1}",0
7,False,"{'a': 0.1, 'e': 0.99993}",20,0,-130.60809281385477,"{0: 9, 1: 1, 2: 9, 3: 0, 4: 1}",0
8,False,"{'a': 0.1, 'e': 0.99991}",30,0,-183.40198168346268,"{0: 15, 1: 2, 2: 9, 3: 3, 4: 1}",0
9,False,"{'a': 0.1, 'e': 0.9998874999999999}",20,0,-87.57721031120641,"{0: 15, 1: 2, 2: 1, 3: 0, 4: 2}",0
10,False,"{'a': 0.1, 'e': 0.9998624999999999}",25,0,-120.54746430570914,"{0: 13, 1: 3, 2: 8, 3: 0, 4: 1}",0
11,False,"{'a': 0.1, 'e': 0.9998349999999999}",30,0,-108.48715830807768,"{0: 17, 1: 3, 2: 9, 3: 1, 4: 0}",0
12,False,"{'a': 0.1, 'e': 0.9998049999999999}",20,0,-101.20511465500037,"{0: 12, 1: 2, 2: 4, 3: 1, 4: 1}",0
13,False,"{'a': 0.1, 'e': 0.9997725}",30,0,-111.81334020280116,"{0: 23, 1: 1, 2: 3, 3: 1, 4: 2}",0
14,False,"{'a': 0.1, 'e': 0.9997375}",25,0,-98.18555689315643,"{0: 15, 1: 6, 2: 2, 3: 1, 4: 1}",0
15,False,"{'a': 0.1, 'e': 0.9996999999999999}",30,0,-168.1047133313179,"{0: 18, 1: 2, 2: 6, 3: 2, 4: 2}",0
16,False,"{'a': 0.1, 'e': 0.9996599999999999}",25,0,-116.06397613184072,"{0: 16, 1: 1, 2: 5, 3: 2, 4: 1}",0
17,False,"{'a': 0.1, 'e': 0.9996174999999999}",20,6,-44.708983155249896,"{0: 7, 1: 2, 2: 5, 3: 0, 4: 0}",1
18,False,"{'a': 0.1, 'e': 0.9995725}",25,0,-151.45678021436686,"{0: 17, 1: 2, 2: 2, 3: 1, 4: 3}",0
19,False,"{'a': 0.1, 'e': 0.999525}",20,0,-171.8411283154003,"{0: 8, 1: 3, 2: 5, 3: 2, 4: 2}",0
20,False,"{'a': 0.1, 'e': 0.999475}",25,0,-87.61186217247842,"{0: 13, 1: 3, 2: 9, 3: 0, 4: 0}",0
21,False,"{'a': 0.1, 'e': 0.9994225}",20,0,-25.687949548949042,"{0: 15, 1: 2, 2: 3, 3: 0, 4: 0}",0
22,False,"{'a': 0.1, 'e': 0.9993675}",25,0,-219.64005883000883,"{0: 10, 1: 4, 2: 5, 3: 4, 4: 2}",0
23,False,"{'a': 0.1, 'e': 0.9993099999999999}",20,0,-109.19831501530795,"{0: 12, 1: 3, 2: 1, 3: 3, 4: 1}",0
24,False,"{'a': 0.1, 'e': 0.99925}",25,0,-97.44007610736472,"{0: 16, 1: 1, 2: 7, 3: 0, 4: 1}",0
25,False,"{'a': 0.1, 'e': 0.9991875}",20,0,-134.52090261021826,"{0: 12, 1: 2, 2: 2, 3: 2, 4: 2}",0
26,False,"{'a': 0.1, 'e': 0.9991225}",20,13,-28.62331873482896,"{0: 4, 1: 1, 2: 1, 3: 1, 4: 0}",1
27,False,"{'a': 0.1, 'e': 0.999055}",25,0,-39.02556465544521,"{0: 18, 1: 1, 2: 6, 3: 0, 4: 0}",0
28,False,"{'a': 0.1, 'e': 0.998985}",25,0,-107.20705124543231,"{0: 12, 1: 4, 2: 8, 3: 1, 4: 0}",0
29,False,"{'a': 0.1, 'e': 0.9989125}",20,0,-83.61824439373613,"{0: 12, 1: 4, 2: 2, 3: 1, 4: 1}",0
30,False,"{'a': 0.1, 'e': 0.9988374999999999}",30,2,-209.70742086507394,"{0: 17, 1: 2, 2: 4, 3: 1, 4: 4}",1
31,False,"{'a': 0.1, 'e': 0.99876}",20,0,-88.34289018927424,"{0: 14, 1: 1, 2: 2, 3: 2, 4: 1}",0
32,False,"{'a': 0.1, 'e': 0.99868}",25,0,-155.56068981208367,"{0: 14, 1: 3, 2: 4, 3: 2, 4: 2}",0
33,False,"{'a': 0.1, 'e': 0.9985975}",20,0,-129.34660500400898,"{0: 12, 1: 0, 2: 6, 3: 0, 4: 2}",0
34,False,"{'a': 0.1, 'e': 0.9985125}",30,0,-67.5168031642085,"{0: 20, 1: 5, 2: 3, 3: 2, 4: 0}",0
35,False,"{'a': 0.1, 'e': 0.998425}",25,0,-108.76612884803264,"{0: 14, 1: 4, 2: 4, 3: 3, 4: 0}",0
36,False,"{'a': 0.1, 'e': 0.998335}",20,0,-137.75113025667326,"{0: 12, 1: 0, 2: 5, 3: 1, 4: 2}",0
37,False,"{'a': 0.1, 'e': 0.9982424999999999}",25,0,-115.88282326126603,"{0: 15, 1: 2, 2: 6, 3: 1, 4: 1}",0
38,False,"{'a': 0.1, 'e': 0.9981475}",25,0,-100.68089579015945,"{0: 18, 1: 3, 2: 2, 3: 0, 4: 2}",0
39,False,"{'a': 0.1, 'e': 0.99805}",25,0,-113.73573334285659,"{0: 17, 1: 0, 2: 6, 3: 0, 4: 2}",0
40,False,"{'a': 0.1, 'e': 0.99795}",20,0,-268.88917141862623,"{0: 7, 1: 0, 2: 6, 3: 3, 4: 4}",0
41,False,"{'a': 0.1, 'e': 0.9978475}",20,0,-78.30673895176382,"{0: 11, 1: 1, 2: 8, 3: 0, 4: 0}",0
42,False,"{'a': 0.1, 'e': 0.9977425}",20,0,-72.3856931018691,"{0: 11, 1: 7, 2: 1, 3: 0, 4: 1}",0
43,False,"{'a': 0.1, 'e': 0.9976349999999999}",20,0,-66.95469066934349,"{0: 12, 1: 2, 2: 5, 3: 1, 4: 0}",0
44,False,"{'a': 0.1, 'e': 0.9975249999999999}",25,0,-121.54753504196691,"{0: 15, 1: 4, 2: 4, 3: 0, 4: 2}",0
45,False,"{'a': 0.1, 'e': 0.9974124999999999}",20,0,-96.22079426756449,"{0: 12, 1: 2, 2: 4, 3: 1, 4: 1}",0
46,False,"{'a': 0.1, 'e': 0.9972975}",20,0,-125.67427232320269,"{0: 11, 1: 1, 2: 5, 3: 2, 4: 1}",0
47,False,"{'a': 0.1, 'e': 0.99718}",20,0,-75.03580852490819,"{0: 13, 1: 2, 2: 4, 3: 0, 4: 1}",0
48,False,"{'a': 0.1, 'e': 0.99706}",25,0,-117.31872207853152,"{0: 16, 1: 2, 2: 5, 3: 0, 4: 2}",0
49,False,"{'a': 0.1, 'e': 0.9969374999999999}",20,2,-84.54384005659526,"{0: 12, 1: 1, 2: 2, 3: 2, 4: 1}",1
50,False,"{'a': 0.1, 'e': 0.9968124999999999}",20,0,-163.744097377001,"{0: 11, 1: 1, 2: 3, 3: 3, 4: 2}",0
51,False,"{'a': 0.1, 'e': 0.9966849999999999}",20,0,-71.12919706157945,"{0: 13, 1: 1, 2: 4, 3: 2, 4: 0}",0
52,False,"{'a': 0.1, 'e': 0.996555}",20,0,-168.15358658307136,"{0: 11, 1: 2, 2: 3, 3: 1, 4: 3}",0
53,False,"{'a': 0.1, 'e': 0.9964225}",25,0,-176.2252912352355,"{0: 12, 1: 4, 2: 5, 3: 2, 4: 2}",0
54,False,"{'a': 0.1, 'e': 0.9962875}",20,0,-158.26599320371096,"{0: 13, 1: 0, 2: 3, 3: 1, 4: 3}",0
55,False,"{'a': 0.1, 'e': 0.99615}",20,0,-138.63403414763368,"{0: 11, 1: 1, 2: 5, 3: 1, 4: 2}",0
56,False,"{'a': 0.1, 'e': 0.99601}",20,0,-52.92171642004114,"{0: 12, 1: 3, 2: 5, 3: 0, 4: 0}",0
57,False,"{'a': 0.1, 'e': 0.9958674999999999}",25,0,-138.39288012309441,"{0: 14, 1: 1, 2: 7, 3: 2, 4: 1}",0
58,False,"{'a': 0.1, 'e': 0.9957225}",20,1,-84.6222791540807,"{0: 11, 1: 4, 2: 2, 3: 1, 4: 1}",1
59,False,"{'a': 0.1, 'e': 0.995575}",25,0,-155.85282591871945,"{0: 14, 1: 1, 2: 7, 3: 1, 4: 2}",0
60,False,"{'a': 0.1, 'e': 0.995425}",30,0,-92.27217289073451,"{0: 17, 1: 5, 2: 7, 3: 1, 4: 0}",0
61,False,"{'a': 0.1, 'e': 0.9952725}",25,0,-107.49132245457133,"{0: 16, 1: 2, 2: 4, 3: 2, 4: 1}",0
62,False,"{'a': 0.1, 'e': 0.9951175}",20,0,-99.8569356562685,"{0: 13, 1: 3, 2: 2, 3: 0, 4: 2}",0
63,False,"{'a': 0.1, 'e': 0.99496}",30,0,-168.4335578756602,"{0: 19, 1: 0, 2: 7, 3: 2, 4: 2}",0
64,False,"{'a': 0.1, 'e': 0.9947999999999999}",20,0,-52.719113121506005,"{0: 14, 1: 2, 2: 2, 3: 2, 4: 0}",0
65,False,"{'a': 0.1, 'e': 0.9946375}",20,0,-84.47176451637723,"{0: 11, 1: 2, 2: 5, 3: 2, 4: 0}",0
66,False,"{'a': 0.1, 'e': 0.9944725}",20,0,-82.29741143120035,"{0: 11, 1: 1, 2: 7, 3: 1, 4: 0}",0
67,False,"{'a': 0.1, 'e': 0.994305}",30,0,-172.07333578964997,"{0: 16, 1: 4, 2: 7, 3: 1, 4: 2}",0
68,False,"{'a': 0.1, 'e': 0.994135}",25,0,-66.90224342880416,"{0: 19, 1: 1, 2: 3, 3: 1, 4: 1}",0
69,False,"{'a': 0.1, 'e': 0.9939625}",25,0,-69.6146989708011,"{0: 17, 1: 2, 2: 4, 3: 2, 4: 0}",0
70,False,"{'a': 0.1, 'e': 0.9937874999999999}",35,0,-93.18862743959944,"{0: 21, 1: 4, 2: 10, 3: 0, 4: 0}",0
71,False,"{'a': 0.1, 'e': 0.9936099999999999}",20,0,-196.40123897782235,"{0: 11, 1: 1, 2: 3, 3: 1, 4: 4}",0
72,False,"{'a': 0.1, 'e': 0.9934299999999999}",20,0,-92.5840114449135,"{0: 11, 1: 3, 2: 5, 3: 0, 4: 1}",0
73,False,"{'a': 0.1, 'e': 0.9932475}",20,0,-55.02627938195647,"{0: 15, 1: 1, 2: 3, 3: 0, 4: 1}",0
74,False,"{'a': 0.1, 'e': 0.9930625}",20,0,-119.18720998656049,"{0: 9, 1: 2, 2: 6, 3: 3, 4: 0}",0
75,False,"{'a': 0.1, 'e': 0.992875}",30,0,-234.63930122602875,"{0: 17, 1: 3, 2: 4, 3: 2, 4: 4}",0
76,False,"{'a': 0.1, 'e': 0.9926849999999999}",25,0,-117.68906548280523,"{0: 15, 1: 3, 2: 4, 3: 2, 4: 1}",0
77,False,"{'a': 0.1, 'e': 0.9924924999999999}",25,0,-64.65051180729073,"{0: 20, 1: 1, 2: 2, 3: 1, 4: 1}",0
78,False,"{'a': 0.1, 'e': 0.9922974999999999}",20,0,-159.16494256082157,"{0: 9, 1: 4, 2: 3, 3: 2, 4: 2}",0
79,False,"{'a': 0.1, 'e': 0.9921}",25,0,-54.60568253023597,"{0: 18, 1: 3, 2: 2, 3: 2, 4: 0}",0
80,False,"{'a': 0.1, 'e': 0.9919}",25,0,-145.45283772257895,"{0: 15, 1: 1, 2: 4, 3: 4, 4: 1}",0
81,False,"{'a': 0.1, 'e': 0.9916975}",35,0,-9.625084240625164,"{0: 28, 1: 4, 2: 3, 3: 0, 4: 0}",0
82,False,"{'a': 0.1, 'e': 0.9914925}",20,0,-69.0455383767914,"{0: 14, 1: 2, 2: 2, 3: 1, 4: 1}",0
83,False,"{'a': 0.1, 'e': 0.991285}",25,0,-95.95186350422682,"{0: 15, 1: 3, 2: 6, 3: 0, 4: 1}",0
84,False,"{'a': 0.1, 'e': 0.9910749999999999}",20,0,-69.13561688343731,"{0: 13, 1: 3, 2: 3, 3: 0, 4: 1}",0
85,False,"{'a': 0.1, 'e': 0.9908625}",25,0,-169.3847959040825,"{0: 14, 1: 3, 2: 5, 3: 0, 4: 3}",0
86,False,"{'a': 0.1, 'e': 0.9906475}",20,0,-124.56308388089076,"{0: 12, 1: 2, 2: 3, 3: 1, 4: 2}",0
87,False,"{'a': 0.1, 'e': 0.99043}",20,0,-71.67621028751812,"{0: 16, 1: 0, 2: 1, 3: 2, 4: 1}",0
88,False,"{'a': 0.1, 'e': 0.99021}",25,7,-10.973779757909846,"{0: 14, 1: 2, 2: 2, 3: 0, 4: 0}",1
89,False,"{'a': 0.1, 'e': 0.9899875}",30,0,-227.26815164569902,"{0: 15, 1: 3, 2: 5, 3: 5, 4: 2}",0
90,False,"{'a': 0.1, 'e': 0.9897625}",20,0,-75.18428087572454,"{0: 14, 1: 2, 2: 2, 3: 1, 4: 1}",0
91,False,"{'a': 0.1, 'e': 0.9895349999999999}",20,0,-67.40867698909155,"{0: 14, 1: 1, 2: 4, 3: 0, 4: 1}",0
92,False,"{'a': 0.1, 'e': 0.989305}",20,0,-55.25394490106986,"{0: 15, 1: 3, 2: 0, 3: 1, 4: 1}",0
93,False,"{'a': 0.1, 'e': 0.9890725}",30,0,-164.49437461324104,"{0: 18, 1: 5, 2: 4, 3: 0, 4: 3}",0
94,False,"{'a': 0.1, 'e': 0.9888375}",30,0,-218.77805320388345,"{0: 18, 1: 0, 2: 8, 3: 0, 4: 4}",0
95,False,"{'a': 0.1, 'e': 0.9886}",25,0,-166.90841853359572,"{0: 13, 1: 2, 2: 7, 3: 1, 4: 2}",0
96,False,"{'a': 0.1, 'e': 0.98836}",30,8,-125.2193866224281,"{0: 14, 1: 1, 2: 4, 3: 1, 4: 2}",1
97,False,"{'a': 0.1, 'e': 0.9881175}",20,0,-33.85813098516191,"{0: 14, 1: 1, 2: 5, 3: 0, 4: 0}",0
98,False,"{'a': 0.1, 'e': 0.9878724999999999}",35,0,-126.26309208795197,"{0: 24, 1: 3, 2: 6, 3: 0, 4: 2}",0
99,False,"{'a': 0.1, 'e': 0.987625}",20,0,-47.053814885702025,"{0: 15, 1: 2, 2: 0, 3: 3, 4: 0}",0
100,False,"{'a': 0.1, 'e': 0.987375}",25,0,-157.98110533438836,"{0: 13, 1: 3, 2: 6, 3: 1, 4: 2}",0
101,False,"{'a': 0.1, 'e': 0.9871225}",25,0,-95.21210526533751,"{0: 16, 1: 3, 2: 4, 3: 1, 4: 1}",0
102,False,"{'a': 0.1, 'e': 0.9868675}",35,0,-145.79287335168928,"{0: 25, 1: 2, 2: 4, 3: 2, 4: 2}",0
103,False,"{'a': 0.1, 'e': 0.98661}",20,0,-79.37338605346149,"{0: 14, 1: 0, 2: 4, 3: 1, 4: 1}",0
104,False,"{'a': 0.1, 'e': 0.98635}",20,0,-84.27006736506912,"{0: 12, 1: 2, 2: 5, 3: 0, 4: 1}",0
105,False,"{'a': 0.1, 'e': 0.9860874999999999}",20,0,-108.98037220720364,"{0: 10, 1: 0, 2: 8, 3: 2, 4: 0}",0
106,False,"{'a': 0.1, 'e': 0.9858224999999999}",20,0,-70.78025744835058,"{0: 14, 1: 1, 2: 4, 3: 0, 4: 1}",0
107,False,"{'a': 0.1, 'e': 0.985555}",30,0,-169.23199437131393,"{0: 16, 1: 5, 2: 5, 3: 2, 4: 2}",0
108,False,"{'a': 0.1, 'e': 0.985285}",25,0,-112.13153777240805,"{0: 14, 1: 4, 2: 5, 3: 1, 4: 1}",0
109,False,"{'a': 0.1, 'e': 0.9850125}",20,0,-52.967371327426356,"{0: 13, 1: 2, 2: 4, 3: 1, 4: 0}",0
110,False,"{'a': 0.1, 'e': 0.9847374999999999}",20,7,-5.487631723090068,"{0: 10, 1: 2, 2: 1, 3: 0, 4: 0}",1
111,False,"{'a': 0.1, 'e': 0.9844599999999999}",25,0,-198.67538222449713,"{0: 9, 1: 6, 2: 6, 3: 2, 4: 2}",0
112,False,"{'a': 0.1, 'e': 0.9841799999999999}",35,0,-184.9956391603195,"{0: 22, 1: 3, 2: 5, 3: 3, 4: 2}",0
113,False,"{'a': 0.1, 'e': 0.9838975}",20,0,-140.0367685233937,"{0: 11, 1: 0, 2: 5, 3: 3, 4: 1}",0
114,False,"{'a': 0.1, 'e': 0.9836125}",25,0,-119.93248991511146,"{0: 15, 1: 2, 2: 5, 3: 2, 4: 1}",0
115,False,"{'a': 0.1, 'e': 0.983325}",30,0,-317.0455086313175,"{0: 15, 1: 3, 2: 4, 3: 2, 4: 6}",0
116,False,"{'a': 0.1, 'e': 0.983035}",25,0,-181.54792659980717,"{0: 12, 1: 1, 2: 9, 3: 1, 4: 2}",0
117,False,"{'a': 0.1, 'e': 0.9827425}",30,20,-38.61202391616391,"{0: 7, 1: 2, 2: 0, 3: 0, 4: 1}",1
118,False,"{'a': 0.1, 'e': 0.9824474999999999}",25,0,-160.23555585262378,"{0: 15, 1: 1, 2: 5, 3: 2, 4: 2}",0
119,False,"{'a': 0.1, 'e': 0.98215}",35,18,-35.49544153181854,"{0: 12, 1: 1, 2: 3, 3: 1, 4: 0}",1
120,False,"{'a': 0.1, 'e': 0.98185}",20,0,-178.26944094372033,"{0: 13, 1: 0, 2: 3, 3: 0, 4: 4}",0
121,False,"{'a': 0.1, 'e': 0.9815475}",25,0,-136.5998279794447,"{0: 13, 1: 6, 2: 4, 3: 0, 4: 2}",0
122,False,"{'a': 0.1, 'e': 0.9812425}",30,0,-186.62591727048448,"{0: 14, 1: 5, 2: 8, 3: 1, 4: 2}",0
123,False,"{'a': 0.1, 'e': 0.980935}",25,0,-163.4829709754503,"{0: 14, 1: 0, 2: 8, 3: 1, 4: 2}",0
124,False,"{'a': 0.1, 'e': 0.980625}",20,0,-110.14399342933625,"{0: 13, 1: 3, 2: 1, 3: 1, 4: 2}",0
125,False,"{'a': 0.1, 'e': 0.9803124999999999}",30,0,-192.5348416863706,"{0: 19, 1: 1, 2: 6, 3: 1, 4: 3}",0
126,False,"{'a': 0.1, 'e': 0.9799975}",20,0,-64.55304306248877,"{0: 14, 1: 2, 2: 3, 3: 0, 4: 1}",0
127,False,"{'a': 0.1, 'e': 0.97968}",20,0,-149.163391084263,"{0: 13, 1: 0, 2: 4, 3: 0, 4: 3}",0
128,False,"{'a': 0.1, 'e': 0.97936}",20,4,-107.66839803704866,"{0: 9, 1: 1, 2: 4, 3: 0, 4: 2}",1
129,False,"{'a': 0.1, 'e': 0.9790375}",25,0,-133.29645146384198,"{0: 13, 1: 3, 2: 7, 3: 1, 4: 1}",0
130,False,"{'a': 0.1, 'e': 0.9787125}",25,0,-25.445630037711048,"{0: 20, 1: 3, 2: 1, 3: 1, 4: 0}",0
131,False,"{'a': 0.1, 'e': 0.978385}",25,0,-133.58044558200703,"{0: 16, 1: 1, 2: 6, 3: 0, 4: 2}",0
132,False,"{'a': 0.1, 'e': 0.9780549999999999}",25,0,-164.6468741107205,"{0: 13, 1: 2, 2: 7, 3: 1, 4: 2}",0
133,False,"{'a': 0.1, 'e': 0.9777224999999999}",20,0,-79.74341162792435,"{0: 14, 1: 2, 2: 2, 3: 1, 4: 1}",0
134,False,"{'a': 0.1, 'e': 0.9773875}",25,8,-60.07572353405193,"{0: 12, 1: 1, 2: 3, 3: 0, 4: 1}",1
135,False,"{'a': 0.1, 'e': 0.97705}",20,0,-119.05750481728938,"{0: 13, 1: 1, 2: 3, 3: 1, 4: 2}",0
136,False,"{'a': 0.1, 'e': 0.97671}",25,0,-106.0063303393082,"{0: 16, 1: 4, 2: 3, 3: 0, 4: 2}",0
137,False,"{'a': 0.1, 'e': 0.9763674999999999}",35,0,-243.10073640536035,"{0: 19, 1: 6, 2: 6, 3: 0, 4: 4}",0
138,False,"{'a': 0.1, 'e': 0.9760224999999999}",20,0,-97.3638113496327,"{0: 13, 1: 0, 2: 5, 3: 1, 4: 1}",0
139,False,"{'a': 0.1, 'e': 0.975675}",25,9,5.291013332960057,"{0: 14, 1: 1, 2: 1, 3: 0, 4: 0}",1
140,False,"{'a': 0.1, 'e': 0.975325}",20,0,-115.96425224930279,"{0: 14, 1: 0, 2: 3, 3: 1, 4: 2}",0
141,False,"{'a': 0.1, 'e': 0.9749725}",25,0,-113.49650298728636,"{0: 14, 1: 4, 2: 5, 3: 1, 4: 1}",0
142,False,"{'a': 0.1, 'e': 0.9746175}",25,5,-38.03973246095086,"{0: 15, 1: 0, 2: 4, 3: 1, 4: 0}",1
143,False,"{'a': 0.1, 'e': 0.97426}",20,0,-130.36849902484065,"{0: 14, 1: 1, 2: 2, 3: 0, 4: 3}",0
144,False,"{'a': 0.1, 'e': 0.9739}",25,0,-136.56089504955017,"{0: 15, 1: 4, 2: 3, 3: 1, 4: 2}",0
145,False,"{'a': 0.1, 'e': 0.9735375}",25,0,-92.98484666278789,"{0: 17, 1: 2, 2: 4, 3: 1, 4: 1}",0
146,False,"{'a': 0.1, 'e': 0.9731725}",25,0,-113.44842399413125,"{0: 14, 1: 4, 2: 5, 3: 1, 4: 1}",0
147,False,"{'a': 0.1, 'e': 0.972805}",20,0,-69.0575767320006,"{0: 11, 1: 1, 2: 8, 3: 0, 4: 0}",0
148,False,"{'a': 0.1, 'e': 0.972435}",25,0,-204.70658615481722,"{0: 13, 1: 0, 2: 8, 3: 1, 4: 3}",0
149,False,"{'a': 0.1, 'e': 0.9720625}",20,0,-41.457803825300644,"{0: 16, 1: 1, 2: 2, 3: 0, 4: 1}",0
150,False,"{'a': 0.1, 'e': 0.9716875}",25,0,-194.50870744898492,"{0: 13, 1: 5, 2: 2, 3: 2, 4: 3}",0
151,False,"{'a': 0.1, 'e': 0.97131}",25,0,-58.36857965483987,"{0: 22, 1: 1, 2: 0, 3: 0, 4: 2}",0
152,False,"{'a': 0.1, 'e': 0.97093}",20,0,-160.56618440285095,"{0: 10, 1: 2, 2: 4, 3: 2, 4: 2}",0
153,False,"{'a': 0.1, 'e': 0.9705475}",25,0,-77.03164448998254,"{0: 17, 1: 3, 2: 4, 3: 0, 4: 1}",0
154,False,"{'a': 0.1, 'e': 0.9701625}",30,0,-87.46265747980553,"{0: 22, 1: 3, 2: 3, 3: 1, 4: 1}",0
155,False,"{'a': 0.1, 'e': 0.969775}",30,0,-102.18520560223705,"{0: 17, 1: 4, 2: 8, 3: 1, 4: 0}",0
156,False,"{'a': 0.1, 'e': 0.969385}",20,0,-45.16732048117395,"{0: 13, 1: 4, 2: 2, 3: 1, 4: 0}",0
157,False,"{'a': 0.1, 'e': 0.9689925}",20,0,-97.70405517038499,"{0: 14, 1: 2, 2: 2, 3: 0, 4: 2}",0
158,False,"{'a': 0.1, 'e': 0.9685975}",25,0,-138.4062884194482,"{0: 18, 1: 0, 2: 4, 3: 0, 4: 3}",0
159,False,"{'a': 0.1, 'e': 0.9682}",20,0,-165.1347357799366,"{0: 10, 1: 2, 2: 4, 3: 2, 4: 2}",0
160,False,"{'a': 0.1, 'e': 0.9678}",30,0,-166.32172691627807,"{0: 16, 1: 3, 2: 9, 3: 0, 4: 2}",0
161,False,"{'a': 0.1, 'e': 0.9673975}",25,0,-150.1052836851612,"{0: 14, 1: 1, 2: 8, 3: 0, 4: 2}",0
162,False,"{'a': 0.1, 'e': 0.9669925}",20,0,-177.81333360046182,"{0: 10, 1: 3, 2: 3, 3: 1, 4: 3}",0
163,False,"{'a': 0.1, 'e': 0.966585}",20,0,-69.81706238478709,"{0: 12, 1: 1, 2: 6, 3: 1, 4: 0}",0
164,False,"{'a': 0.1, 'e': 0.966175}",20,0,-122.03795666502424,"{0: 12, 1: 1, 2: 3, 3: 3, 4: 1}",0
165,False,"{'a': 0.1, 'e': 0.9657625}",30,0,-125.43474489194313,"{0: 18, 1: 6, 2: 4, 3: 0, 4: 2}",0
166,False,"{'a': 0.1, 'e': 0.9653474999999999}",25,0,-118.53772264313905,"{0: 15, 1: 2, 2: 6, 3: 1, 4: 1}",0
167,False,"{'a': 0.1, 'e': 0.96493}",20,0,-124.00303791149209,"{0: 11, 1: 2, 2: 3, 3: 3, 4: 1}",0
168,False,"{'a': 0.1, 'e': 0.96451}",20,0,-95.70775973779142,"{0: 11, 1: 1, 2: 7, 3: 0, 4: 1}",0
169,False,"{'a': 0.1, 'e': 0.9640875}",25,0,-121.55431676002598,"{0: 16, 1: 2, 2: 5, 3: 0, 4: 2}",0
170,False,"{'a': 0.1, 'e': 0.9636625}",30,0,-236.7653301442752,"{0: 17, 1: 2, 2: 5, 3: 2, 4: 4}",0
171,False,"{'a': 0.1, 'e': 0.963235}",25,0,-321.1238639505517,"{0: 12, 1: 0, 2: 5, 3: 2, 4: 6}",0
172,False,"{'a': 0.1, 'e': 0.9628049999999999}",20,0,-84.84095044773784,"{0: 12, 1: 2, 2: 5, 3: 0, 4: 1}",0
173,False,"{'a': 0.1, 'e': 0.9623725}",25,0,-175.60879161154799,"{0: 17, 1: 1, 2: 3, 3: 0, 4: 4}",0
174,False,"{'a': 0.1, 'e': 0.9619375}",20,2,-68.02033101782632,"{0: 11, 1: 3, 2: 3, 3: 0, 4: 1}",1
175,False,"{'a': 0.1, 'e': 0.9615}",30,0,-134.62883732149433,"{0: 18, 1: 2, 2: 7, 3: 2, 4: 1}",0
176,False,"{'a': 0.1, 'e': 0.96106}",25,0,-170.14640029990662,"{0: 17, 1: 1, 2: 3, 3: 0, 4: 4}",0
177,False,"{'a': 0.1, 'e': 0.9606175}",35,0,-61.70626059056851,"{0: 24, 1: 4, 2: 7, 3: 0, 4: 0}",0
178,False,"{'a': 0.1, 'e': 0.9601725}",30,4,-198.41321963761217,"{0: 15, 1: 1, 2: 6, 3: 0, 4: 4}",1
179,False,"{'a': 0.1, 'e': 0.9597249999999999}",25,0,-120.40438434623263,"{0: 15, 1: 4, 2: 4, 3: 0, 4: 2}",0
180,False,"{'a': 0.1, 'e': 0.959275}",25,4,-126.31273503893286,"{0: 12, 1: 1, 2: 6, 3: 0, 4: 2}",1
181,False,"{'a': 0.1, 'e': 0.9588225}",25,0,-163.22430453425423,"{0: 12, 1: 4, 2: 6, 3: 1, 4: 2}",0
182,False,"{'a': 0.1, 'e': 0.9583675}",20,0,-38.62695381417234,"{0: 16, 1: 1, 2: 1, 3: 2, 4: 0}",0
183,False,"{'a': 0.1, 'e': 0.95791}",20,0,-83.78592818818278,"{0: 13, 1: 0, 2: 6, 3: 0, 4: 1}",0
184,False,"{'a': 0.1, 'e': 0.95745}",25,0,-235.5453190406364,"{0: 9, 1: 3, 2: 9, 3: 1, 4: 3}",0
185,False,"{'a': 0.1, 'e': 0.9569875}",25,0,-125.37490152185818,"{0: 15, 1: 3, 2: 5, 3: 0, 4: 2}",0
186,False,"{'a': 0.1, 'e': 0.9565224999999999}",30,0,-318.06632926145636,"{0: 12, 1: 4, 2: 7, 3: 2, 4: 5}",0
187,False,"{'a': 0.1, 'e': 0.956055}",25,14,-4.9533911303420215,"{0: 9, 1: 0, 2: 2, 3: 0, 4: 0}",1
188,False,"{'a': 0.1, 'e': 0.955585}",20,0,-82.12637657527901,"{0: 8, 1: 7, 2: 4, 3: 1, 4: 0}",0
189,False,"{'a': 0.1, 'e': 0.9551125}",30,0,-215.96299949771856,"{0: 17, 1: 2, 2: 5, 3: 3, 4: 3}",0
190,False,"{'a': 0.1, 'e': 0.9546375}",25,0,-159.52095133936845,"{0: 15, 1: 3, 2: 4, 3: 0, 4: 3}",0
191,False,"{'a': 0.1, 'e': 0.95416}",20,0,-26.901619891635598,"{0: 15, 1: 2, 2: 3, 3: 0, 4: 0}",0
192,False,"{'a': 0.1, 'e': 0.95368}",20,0,-133.33820284782155,"{0: 12, 1: 2, 2: 3, 3: 1, 4: 2}",0
193,False,"{'a': 0.1, 'e': 0.9531974999999999}",20,1,-42.8998596460379,"{0: 12, 1: 3, 2: 4, 3: 0, 4: 0}",1
194,False,"{'a': 0.1, 'e': 0.9527125}",20,0,-133.28648305035165,"{0: 14, 1: 0, 2: 3, 3: 0, 4: 3}",0
195,False,"{'a': 0.1, 'e': 0.952225}",20,0,-149.63410622120762,"{0: 11, 1: 1, 2: 4, 3: 2, 4: 2}",0
196,False,"{'a': 0.1, 'e': 0.951735}",30,0,-149.51050358241702,"{0: 18, 1: 3, 2: 6, 3: 1, 4: 2}",0
197,False,"{'a': 0.1, 'e': 0.9512425}",30,0,-69.4214869587638,"{0: 23, 1: 1, 2: 4, 3: 2, 4: 0}",0
198,False,"{'a': 0.1, 'e': 0.9507475}",20,0,-59.216231829435,"{0: 15, 1: 0, 2: 4, 3: 0, 4: 1}",0
199,False,"{'a': 0.1, 'e': 0.9502499999999999}",25,13,-9.294703876177536,"{0: 9, 1: 1, 2: 2, 3: 0, 4: 0}",1
200,False,"{'a': 0.1, 'e': 0.94975}",20,0,-88.35763898772274,"{0: 15, 1: 0, 2: 3, 3: 0, 4: 2}",0
201,False,"{'a': 0.1, 'e': 0.9492475}",25,0,-80.53868149900178,"{0: 16, 1: 4, 2: 4, 3: 0, 4: 1}",0
202,False,"{'a': 0.1, 'e': 0.9487425}",30,0,-239.2613436540262,"{0: 17, 1: 1, 2: 7, 3: 1, 4: 4}",0
203,False,"{'a': 0.1, 'e': 0.948235}",30,0,-51.678412781327516,"{0: 22, 1: 2, 2: 5, 3: 1, 4: 0}",0
204,False,"{'a': 0.1, 'e': 0.947725}",20,0,-117.88294532620644,"{0: 12, 1: 2, 2: 4, 3: 0, 4: 2}",0
205,False,"{'a': 0.1, 'e': 0.9472125}",20,0,-63.06503993029651,"{0: 13, 1: 4, 2: 2, 3: 0, 4: 1}",0
206,False,"{'a': 0.1, 'e': 0.9466975}",20,0,-173.14619515516884,"{0: 12, 1: 2, 2: 2, 3: 0, 4: 4}",0
207,False,"{'a': 0.1, 'e': 0.94618}",20,0,-14.90518453922602,"{0: 15, 1: 4, 2: 1, 3: 0, 4: 0}",0
208,False,"{'a': 0.1, 'e': 0.9456600000000001}",30,0,-179.56898269911983,"{0: 16, 1: 6, 2: 5, 3: 0, 4: 3}",0
209,False,"{'a': 0.1, 'e': 0.9451375000000001}",20,0,-58.744459680513,"{0: 15, 1: 0, 2: 4, 3: 0, 4: 1}",0
210,False,"{'a': 0.1, 'e': 0.9446125000000001}",20,0,-137.23684589098946,"{0: 12, 1: 0, 2: 5, 3: 1, 4: 2}",0
211,False,"{'a': 0.1, 'e': 0.9440850000000001}",20,0,-82.8206744711252,"{0: 12, 1: 3, 2: 4, 3: 0, 4: 1}",0
212,False,"{'a': 0.1, 'e': 0.943555}",25,0,-190.2360908837363,"{0: 10, 1: 4, 2: 8, 3: 1, 4: 2}",0
213,False,"{'a': 0.1, 'e': 0.9430225}",20,0,-59.17057890106594,"{0: 14, 1: 3, 2: 2, 3: 0, 4: 1}",0
214,False,"{'a': 0.1, 'e': 0.9424875}",30,0,-168.17420788092164,"{0: 18, 1: 5, 2: 4, 3: 0, 4: 3}",0
215,False,"{'a': 0.1, 'e': 0.9419500000000001}",25,0,-116.78633257887394,"{0: 16, 1: 1, 2: 3, 3: 5, 4: 0}",0
216,False,"{'a': 0.1, 'e': 0.9414100000000001}",20,0,-56.573545901522465,"{0: 16, 1: 0, 2: 3, 3: 0, 4: 1}",0
217,False,"{'a': 0.1, 'e': 0.9408675000000001}",30,0,-177.37707596063862,"{0: 18, 1: 2, 2: 7, 3: 0, 4: 3}",0
218,False,"{'a': 0.1, 'e': 0.9403225000000001}",30,0,-81.27827590777574,"{0: 20, 1: 5, 2: 4, 3: 0, 4: 1}",0
219,False,"{'a': 0.1, 'e': 0.939775}",25,0,-77.95766988336663,"{0: 17, 1: 2, 2: 5, 3: 0, 4: 1}",0
220,False,"{'a': 0.1, 'e': 0.939225}",25,0,-130.2119806968566,"{0: 16, 1: 2, 2: 4, 3: 1, 4: 2}",0
221,False,"{'a': 0.1, 'e': 0.9386725}",20,0,-26.01874553283871,"{0: 16, 1: 1, 2: 2, 3: 1, 4: 0}",0
222,False,"{'a': 0.1, 'e': 0.9381175}",20,0,-115.14742049440129,"{0: 13, 1: 0, 2: 5, 3: 0, 4: 2}",0
223,False,"{'a': 0.1, 'e': 0.9375600000000001}",25,0,-132.19757978560847,"{0: 14, 1: 4, 2: 5, 3: 0, 4: 2}",0
224,False,"{'a': 0.1, 'e': 0.937}",35,0,-222.60486287268353,"{0: 18, 1: 3, 2: 11, 3: 0, 4: 3}",0
225,False,"{'a': 0.1, 'e': 0.9364375}",25,0,-122.01865222214597,"{0: 18, 1: 0, 2: 4, 3: 1, 4: 2}",0
226,False,"{'a': 0.1, 'e': 0.9358725}",25,0,-135.51426136717325,"{0: 16, 1: 1, 2: 5, 3: 1, 4: 2}",0
227,False,"{'a': 0.1, 'e': 0.9353049999999999}",20,0,-22.193258430714955,"{0: 15, 1: 3, 2: 2, 3: 0, 4: 0}",0
228,False,"{'a': 0.1, 'e': 0.934735}",25,0,-60.683373874481674,"{0: 16, 1: 4, 2: 4, 3: 1, 4: 0}",0
229,False,"{'a': 0.1, 'e': 0.9341625}",20,0,-27.610273219797342,"{0: 15, 1: 1, 2: 4, 3: 0, 4: 0}",0
230,False,"{'a': 0.1, 'e': 0.9335875}",35,0,-215.659512490327,"{0: 23, 1: 2, 2: 5, 3: 1, 4: 4}",0
231,False,"{'a': 0.1, 'e': 0.93301}",25,0,-127.06658328295123,"{0: 13, 1: 4, 2: 6, 3: 1, 4: 1}",0
232,False,"{'a': 0.1, 'e': 0.93243}",25,1,-105.48514699420458,"{0: 13, 1: 0, 2: 10, 3: 1, 4: 0}",1
233,False,"{'a': 0.1, 'e': 0.9318474999999999}",20,0,-72.87267433073488,"{0: 14, 1: 0, 2: 5, 3: 0, 4: 1}",0
234,False,"{'a': 0.1, 'e': 0.9312625}",30,0,-131.12507528789826,"{0: 18, 1: 2, 2: 8, 3: 1, 4: 1}",0
235,False,"{'a': 0.1, 'e': 0.930675}",30,11,-30.736114369134278,"{0: 14, 1: 1, 2: 3, 3: 1, 4: 0}",1
236,False,"{'a': 0.1, 'e': 0.930085}",20,0,-121.19642687608447,"{0: 12, 1: 1, 2: 5, 3: 0, 4: 2}",0
237,False,"{'a': 0.1, 'e': 0.9294925}",20,0,-112.81417798229756,"{0: 14, 1: 0, 2: 3, 3: 1, 4: 2}",0
238,False,"{'a': 0.1, 'e': 0.9288975}",20,0,-81.9507695722495,"{0: 14, 1: 2, 2: 1, 3: 2, 4: 1}",0
239,False,"{'a': 0.1, 'e': 0.9283}",25,0,-194.6413848762886,"{0: 15, 1: 1, 2: 5, 3: 0, 4: 4}",0
240,False,"{'a': 0.1, 'e': 0.9277}",30,0,-195.87455863600678,"{0: 17, 1: 3, 2: 6, 3: 1, 4: 3}",0
241,False,"{'a': 0.1, 'e': 0.9270975}",25,0,-119.8440815636166,"{0: 13, 1: 3, 2: 6, 3: 3, 4: 0}",0
242,False,"{'a': 0.1, 'e': 0.9264925}",25,0,-148.07695392766075,"{0: 13, 1: 5, 2: 4, 3: 1, 4: 2}",0
243,False,"{'a': 0.1, 'e': 0.9258850000000001}",25,0,-89.71328179900156,"{0: 15, 1: 2, 2: 6, 3: 2, 4: 0}",0
244,False,"{'a': 0.1, 'e': 0.9252750000000001}",30,0,-58.19543086847694,"{0: 23, 1: 0, 2: 5, 3: 2, 4: 0}",0
245,False,"{'a': 0.1, 'e': 0.9246625}",20,0,-119.27399886337554,"{0: 8, 1: 4, 2: 7, 3: 0, 4: 1}",0
246,False,"{'a': 0.1, 'e': 0.9240475}",20,0,-106.44246944577135,"{0: 12, 1: 0, 2: 6, 3: 1, 4: 1}",0
247,False,"{'a': 0.1, 'e': 0.92343}",30,0,-218.39112233178412,"{0: 17, 1: 3, 2: 6, 3: 0, 4: 4}",0
248,False,"{'a': 0.1, 'e': 0.92281}",35,0,-90.88523834864374,"{0: 25, 1: 2, 2: 7, 3: 0, 4: 1}",0
249,False,"{'a': 0.1, 'e': 0.9221875}",35,14,-58.12903244944933,"{0: 14, 1: 5, 2: 1, 3: 0, 4: 1}",1
250,False,"{'a': 0.1, 'e': 0.9215625000000001}",25,0,-113.18326139571182,"{0: 15, 1: 4, 2: 3, 3: 2, 4: 1}",0
251,False,"{'a': 0.1, 'e': 0.9209350000000001}",35,0,-99.69946175966027,"{0: 27, 1: 2, 2: 4, 3: 0, 4: 2}",0
252,False,"{'a': 0.1, 'e': 0.920305}",20,0,-110.44254834118465,"{0: 10, 1: 4, 2: 3, 3: 2, 4: 1}",0
253,False,"{'a': 0.1, 'e': 0.9196725}",30,0,-97.3952912594404,"{0: 22, 1: 3, 2: 3, 3: 0, 4: 2}",0
254,False,"{'a': 0.1, 'e': 0.9190375}",20,8,-77.08332801194433,"{0: 8, 1: 2, 2: 0, 3: 0, 4: 2}",1
255,False,"{'a': 0.1, 'e': 0.9184}",25,0,-119.81911422610852,"{0: 17, 1: 0, 2: 6, 3: 0, 4: 2}",0
256,False,"{'a': 0.1, 'e': 0.91776}",25,0,-152.88184338173684,"{0: 14, 1: 4, 2: 3, 3: 2, 4: 2}",0
257,False,"{'a': 0.1, 'e': 0.9171175}",20,0,-68.92188562147606,"{0: 14, 1: 0, 2: 5, 3: 0, 4: 1}",0
258,False,"{'a': 0.1, 'e': 0.9164725}",25,0,-162.68738197246645,"{0: 15, 1: 0, 2: 6, 3: 2, 4: 2}",0
259,False,"{'a': 0.1, 'e': 0.915825}",30,0,-126.22018271863038,"{0: 21, 1: 3, 2: 3, 3: 1, 4: 2}",0
260,False,"{'a': 0.1, 'e': 0.915175}",20,0,-83.53978461059398,"{0: 12, 1: 2, 2: 5, 3: 0, 4: 1}",0
261,False,"{'a': 0.1, 'e': 0.9145225}",25,11,-61.83142532862488,"{0: 8, 1: 1, 2: 3, 3: 2, 4: 0}",1
262,False,"{'a': 0.1, 'e': 0.9138675}",20,0,-70.66272084264159,"{0: 13, 1: 4, 2: 1, 3: 1, 4: 1}",0
263,False,"{'a': 0.1, 'e': 0.9132100000000001}",20,0,-6.407066716173977,"{0: 16, 1: 2, 2: 2, 3: 0, 4: 0}",0
264,False,"{'a': 0.1, 'e': 0.9125500000000001}",20,0,-89.10108846956997,"{0: 15, 1: 0, 2: 3, 3: 0, 4: 2}",0
265,False,"{'a': 0.1, 'e': 0.9118875000000001}",20,0,-86.26221980281142,"{0: 10, 1: 2, 2: 7, 3: 1, 4: 0}",0
266,False,"{'a': 0.1, 'e': 0.9112225}",30,0,-110.53085195796261,"{0: 21, 1: 1, 2: 6, 3: 1, 4: 1}",0
267,False,"{'a': 0.1, 'e': 0.910555}",35,0,-53.3378049729553,"{0: 28, 1: 3, 2: 3, 3: 0, 4: 1}",0
268,False,"{'a': 0.1, 'e': 0.909885}",20,0,-90.57010995592736,"{0: 13, 1: 2, 2: 3, 3: 1, 4: 1}",0
269,False,"{'a': 0.1, 'e': 0.9092125000000001}",30,24,9.352075077328415,"{0: 6, 1: 0, 2: 0, 3: 0, 4: 0}",1
270,False,"{'a': 0.1, 'e': 0.9085375000000001}",20,0,-44.44662490031459,"{0: 13, 1: 5, 2: 1, 3: 1, 4: 0}",0
271,False,"{'a': 0.1, 'e': 0.9078600000000001}",25,0,-145.39105532397707,"{0: 13, 1: 2, 2: 7, 3: 2, 4: 1}",0
272,False,"{'a': 0.1, 'e': 0.9071800000000001}",35,9,-67.7592355757598,"{0: 19, 1: 1, 2: 5, 3: 0, 4: 1}",1
273,False,"{'a': 0.1, 'e': 0.9064975000000001}",20,11,-32.234461679729705,"{0: 5, 1: 2, 2: 1, 3: 1, 4: 0}",1
274,False,"{'a': 0.1, 'e': 0.9058125}",20,0,-105.77781574691281,"{0: 11, 1: 3, 2: 4, 3: 1, 4: 1}",0
275,False,"{'a': 0.1, 'e': 0.9051250000000001}",30,0,-173.71404989816352,"{0: 19, 1: 1, 2: 5, 3: 3, 4: 2}",0
276,False,"{'a': 0.1, 'e': 0.9044350000000001}",25,0,-138.32392193270914,"{0: 17, 1: 1, 2: 4, 3: 0, 4: 3}",0
277,False,"{'a': 0.1, 'e': 0.9037425000000001}",30,0,-161.9669024034853,"{0: 20, 1: 2, 2: 4, 3: 1, 4: 3}",0
278,False,"{'a': 0.1, 'e': 0.9030475000000001}",20,0,-113.62703029904945,"{0: 12, 1: 3, 2: 1, 3: 3, 4: 1}",0
279,False,"{'a': 0.1, 'e': 0.9023500000000001}",20,0,-104.0438790848163,"{0: 12, 1: 2, 2: 3, 3: 2, 4: 1}",0
280,False,"{'a': 0.1, 'e': 0.9016500000000001}",20,0,-133.41896936521917,"{0: 12, 1: 1, 2: 3, 3: 2, 4: 2}",0
281,False,"{'a': 0.1, 'e': 0.9009475}",30,0,-217.05486593494064,"{0: 18, 1: 1, 2: 6, 3: 1, 4: 4}",0
282,False,"{'a': 0.1, 'e': 0.9002425000000001}",25,5,-54.90543386082713,"{0: 12, 1: 2, 2: 6, 3: 0, 4: 0}",1
283,False,"{'a': 0.1, 'e': 0.8995350000000001}",20,0,-108.33836065573354,"{0: 11, 1: 0, 2: 8, 3: 0, 4: 1}",0
284,False,"{'a': 0.1, 'e': 0.8988250000000001}",20,0,-129.68201986398822,"{0: 14, 1: 0, 2: 3, 3: 0, 4: 3}",0
285,False,"{'a': 0.1, 'e': 0.8981125000000001}",20,0,-45.6807793862376,"{0: 14, 1: 2, 2: 3, 3: 1, 4: 0}",0
286,False,"{'a': 0.1, 'e': 0.8973975000000001}",20,0,-140.21558842576073,"{0: 14, 1: 1, 2: 1, 3: 1, 4: 3}",0
287,False,"{'a': 0.1, 'e': 0.89668}",30,4,-58.330046110637014,"{0: 20, 1: 1, 2: 4, 3: 0, 4: 1}",1
288,False,"{'a': 0.1, 'e': 0.89596}",20,0,-80.4598182355322,"{0: 14, 1: 0, 2: 4, 3: 1, 4: 1}",0
289,False,"{'a': 0.1, 'e': 0.8952375}",20,0,-112.29507788382763,"{0: 12, 1: 1, 2: 4, 3: 2, 4: 1}",0
290,False,"{'a': 0.1, 'e': 0.8945125}",25,0,-102.92777638555845,"{0: 15, 1: 2, 2: 7, 3: 0, 4: 1}",0
291,False,"{'a': 0.1, 'e': 0.893785}",25,0,-85.73546116352378,"{0: 14, 1: 2, 2: 9, 3: 0, 4: 0}",0
292,False,"{'a': 0.1, 'e': 0.893055}",25,0,-170.38663845042805,"{0: 17, 1: 1, 2: 3, 3: 0, 4: 4}",0
293,False,"{'a': 0.1, 'e': 0.8923225}",20,11,8.68151225082345,"{0: 8, 1: 1, 2: 0, 3: 0, 4: 0}",1
294,False,"{'a': 0.1, 'e': 0.8915875}",25,0,-257.03206528731124,"{0: 11, 1: 4, 2: 5, 3: 0, 4: 5}",0
295,False,"{'a': 0.1, 'e': 0.89085}",25,0,-154.10620504754678,"{0: 16, 1: 1, 2: 5, 3: 0, 4: 3}",0
296,False,"{'a': 0.1, 'e': 0.8901100000000001}",25,0,-123.6830633335962,"{0: 17, 1: 2, 2: 3, 3: 1, 4: 2}",0
297,False,"{'a': 0.1, 'e': 0.8893675000000001}",25,19,2.647436897081654,"{0: 5, 1: 0, 2: 1, 3: 0, 4: 0}",1
298,False,"{'a': 0.1, 'e': 0.8886225000000001}",30,0,-175.6912050901069,"{0: 16, 1: 3, 2: 8, 3: 1, 4: 2}",0
299,False,"{'a': 0.1, 'e': 0.8878750000000001}",20,0,-96.05373803156223,"{0: 10, 1: 4, 2: 5, 3: 0, 4: 1}",0
300,False,"{'a': 0.1, 'e': 0.887125}",25,0,-103.15568117506155,"{0: 15, 1: 4, 2: 4, 3: 1, 4: 1}",0
301,False,"{'a': 0.1, 'e': 0.8863725}",30,0,-141.86756105676315,"{0: 18, 1: 3, 2: 7, 3: 0, 4: 2}",1
302,False,"{'a': 0.1, 'e': 0.8856175000000001}",30,21,-0.03950495128904041,"{0: 7, 1: 2, 2: 0, 3: 0, 4: 0}",1
303,False,"{'a': 0.1, 'e': 0.8848600000000001}",20,2,-37.771531553683175,"{0: 13, 1: 0, 2: 4, 3: 1, 4: 0}",1
304,False,"{'a': 0.1, 'e': 0.8841000000000001}",25,0,-128.43288050561836,"{0: 14, 1: 1, 2: 8, 3: 1, 4: 1}",0
305,False,"{'a': 0.1, 'e': 0.8833375000000001}",20,0,-59.68914391372938,"{0: 15, 1: 0, 2: 4, 3: 0, 4: 1}",0
306,False,"{'a': 0.1, 'e': 0.8825725000000001}",20,0,-68.32045224785799,"{0: 15, 1: 0, 2: 3, 3: 1, 4: 1}",0
307,False,"{'a': 0.1, 'e': 0.8818050000000001}",20,7,-108.30229605846628,"{0: 8, 1: 0, 2: 2, 3: 1, 4: 2}",1
308,False,"{'a': 0.1, 'e': 0.881035}",30,0,-239.28153574044404,"{0: 18, 1: 2, 2: 5, 3: 0, 4: 5}",0
309,False,"{'a': 0.1, 'e': 0.8802625000000001}",30,0,-183.2474763858072,"{0: 18, 1: 3, 2: 5, 3: 1, 4: 3}",0
310,False,"{'a': 0.1, 'e': 0.8794875000000001}",20,0,-65.85722584042198,"{0: 11, 1: 3, 2: 5, 3: 1, 4: 0}",0
311,False,"{'a': 0.1, 'e': 0.8787100000000001}",20,0,-14.894712862381978,"{0: 17, 1: 0, 2: 2, 3: 1, 4: 0}",0
312,False,"{'a': 0.1, 'e': 0.8779300000000001}",30,12,-170.19891766014038,"{0: 9, 1: 1, 2: 4, 3: 1, 4: 3}",1
313,False,"{'a': 0.1, 'e': 0.8771475000000001}",30,0,-103.75508568185037,"{0: 22, 1: 2, 2: 4, 3: 0, 4: 2}",0
314,False,"{'a': 0.1, 'e': 0.8763625}",20,0,-52.77485271868741,"{0: 15, 1: 2, 2: 2, 3: 0, 4: 1}",0
315,False,"{'a': 0.1, 'e': 0.875575}",25,0,-144.7224748053848,"{0: 13, 1: 3, 2: 5, 3: 3, 4: 1}",0
316,False,"{'a': 0.1, 'e': 0.874785}",20,0,-38.48058395221625,"{0: 15, 1: 1, 2: 3, 3: 1, 4: 0}",0
317,False,"{'a': 0.1, 'e': 0.8739925000000001}",20,1,-20.968882297168996,"{0: 14, 1: 1, 2: 4, 3: 0, 4: 0}",1
318,False,"{'a': 0.1, 'e': 0.8731975000000001}",20,10,-67.190278538437,"{0: 8, 1: 0, 2: 0, 3: 0, 4: 2}",1
319,False,"{'a': 0.1, 'e': 0.8724000000000001}",20,0,-171.6822099098261,"{0: 14, 1: 0, 2: 1, 3: 1, 4: 4}",0
320,False,"{'a': 0.1, 'e': 0.8716}",30,0,-80.58046656655952,"{0: 19, 1: 3, 2: 7, 3: 1, 4: 0}",0
321,False,"{'a': 0.1, 'e': 0.8707975}",20,0,-38.34679899935629,"{0: 14, 1: 1, 2: 5, 3: 0, 4: 0}",0
322,False,"{'a': 0.1, 'e': 0.8699925000000001}",30,0,-106.29405229540673,"{0: 18, 1: 3, 2: 7, 3: 2, 4: 0}",0
323,False,"{'a': 0.1, 'e': 0.8691850000000001}",20,5,-73.51381505875919,"{0: 9, 1: 0, 2: 5, 3: 0, 4: 1}",1
324,False,"{'a': 0.1, 'e': 0.8683750000000001}",20,3,-48.33272916150226,"{0: 10, 1: 4, 2: 2, 3: 1, 4: 0}",1
325,False,"{'a': 0.1, 'e': 0.8675625000000001}",20,5,-75.95497761298759,"{0: 9, 1: 1, 2: 4, 3: 0, 4: 1}",1
326,False,"{'a': 0.1, 'e': 0.8667475000000001}",20,0,-103.40890728359014,"{0: 11, 1: 3, 2: 4, 3: 1, 4: 1}",0
327,False,"{'a': 0.1, 'e': 0.8659300000000001}",20,9,-49.75365731007503,"{0: 6, 1: 0, 2: 4, 3: 1, 4: 0}",1
328,False,"{'a': 0.1, 'e': 0.86511}",20,0,-115.65244259447813,"{0: 12, 1: 2, 2: 4, 3: 0, 4: 2}",0
329,False,"{'a': 0.1, 'e': 0.8642875000000001}",25,0,-208.36453943514,"{0: 13, 1: 3, 2: 5, 3: 0, 4: 4}",0
330,False,"{'a': 0.1, 'e': 0.8634625000000001}",25,0,-199.5714165292944,"{0: 15, 1: 3, 2: 2, 3: 1, 4: 4}",0
331,False,"{'a': 0.1, 'e': 0.8626350000000002}",35,20,-27.196641295553174,"{0: 10, 1: 3, 2: 1, 3: 1, 4: 0}",1
332,False,"{'a': 0.1, 'e': 0.8618050000000002}",20,0,-156.87959361310345,"{0: 12, 1: 1, 2: 3, 3: 1, 4: 3}",0
333,False,"{'a': 0.1, 'e': 0.8609725000000001}",35,0,-127.29846025445934,"{0: 21, 1: 5, 2: 5, 3: 4, 4: 0}",0
334,False,"{'a': 0.1, 'e': 0.8601375000000001}",20,0,-114.30291415657766,"{0: 12, 1: 2, 2: 4, 3: 0, 4: 2}",0
335,False,"{'a': 0.1, 'e': 0.8593000000000001}",20,0,-252.96815630343968,"{0: 11, 1: 0, 2: 3, 3: 0, 4: 6}",0
336,False,"{'a': 0.1, 'e': 0.8584600000000001}",30,0,-181.10300086144196,"{0: 17, 1: 3, 2: 6, 3: 2, 4: 2}",0
337,False,"{'a': 0.1, 'e': 0.8576175000000001}",25,8,-101.2817348318171,"{0: 10, 1: 2, 2: 3, 3: 0, 4: 2}",1
338,False,"{'a': 0.1, 'e': 0.8567725000000002}",25,10,-65.96492497645626,"{0: 9, 1: 2, 2: 3, 3: 0, 4: 1}",1
339,False,"{'a': 0.1, 'e': 0.8559250000000002}",30,0,-22.909458071873672,"{0: 24, 1: 1, 2: 5, 3: 0, 4: 0}",0
340,False,"{'a': 0.1, 'e': 0.8550750000000001}",30,0,-129.2482535160981,"{0: 18, 1: 4, 2: 5, 3: 2, 4: 1}",0
341,False,"{'a': 0.1, 'e': 0.8542225000000001}",25,0,-76.76363766599943,"{0: 18, 1: 2, 2: 3, 3: 1, 4: 1}",0
342,False,"{'a': 0.1, 'e': 0.8533675000000001}",20,0,-24.672634723476076,"{0: 15, 1: 1, 2: 4, 3: 0, 4: 0}",0
343,False,"{'a': 0.1, 'e': 0.8525100000000001}",25,0,-79.30375300776379,"{0: 17, 1: 5, 2: 1, 3: 1, 4: 1}",0
344,False,"{'a': 0.1, 'e': 0.8516500000000001}",20,0,-20.63948099810029,"{0: 15, 1: 1, 2: 4, 3: 0, 4: 0}",0
345,False,"{'a': 0.1, 'e': 0.8507875000000001}",25,0,-101.83216565985228,"{0: 16, 1: 0, 2: 8, 3: 0, 4: 1}",0
346,False,"{'a': 0.1, 'e': 0.8499225000000001}",30,0,-82.58307176196568,"{0: 20, 1: 3, 2: 5, 3: 2, 4: 0}",0
347,False,"{'a': 0.1, 'e': 0.8490550000000001}",20,0,-28.09253778443005,"{0: 17, 1: 0, 2: 1, 3: 2, 4: 0}",0
348,False,"{'a': 0.1, 'e': 0.8481850000000001}",25,0,-59.82142286459193,"{0: 18, 1: 2, 2: 3, 3: 2, 4: 0}",0
349,False,"{'a': 0.1, 'e': 0.8473125}",20,11,5.662513777190062,"{0: 8, 1: 0, 2: 1, 3: 0, 4: 0}",1
350,False,"{'a': 0.1, 'e': 0.8464375000000001}",20,0,-99.95246474296968,"{0: 11, 1: 3, 2: 4, 3: 1, 4: 1}",0
351,False,"{'a': 0.1, 'e': 0.8455600000000001}",25,7,-96.05551658218604,"{0: 13, 1: 1, 2: 1, 3: 1, 4: 2}",1
352,False,"{'a': 0.1, 'e': 0.8446800000000001}",20,3,-64.53296589000966,"{0: 10, 1: 3, 2: 2, 3: 2, 4: 0}",1
353,False,"{'a': 0.1, 'e': 0.8437975000000001}",25,0,-100.01859147628412,"{0: 15, 1: 2, 2: 7, 3: 0, 4: 1}",1
354,False,"{'a': 0.1, 'e': 0.8429125000000001}",25,0,-122.21596274055373,"{0: 14, 1: 2, 2: 7, 3: 1, 4: 1}",0
355,False,"{'a': 0.1, 'e': 0.842025}",20,0,-1.4657449447422537,"{0: 17, 1: 1, 2: 2, 3: 0, 4: 0}",0
356,False,"{'a': 0.1, 'e': 0.8411350000000001}",20,0,-73.97780475016829,"{0: 9, 1: 5, 2: 6, 3: 0, 4: 0}",0
357,False,"{'a': 0.1, 'e': 0.8402425000000001}",20,0,-17.458259234420794,"{0: 17, 1: 0, 2: 2, 3: 1, 4: 0}",0
358,False,"{'a': 0.1, 'e': 0.8393475000000001}",25,7,-96.68470568776321,"{0: 15, 1: 0, 2: 0, 3: 0, 4: 3}",1
359,False,"{'a': 0.1, 'e': 0.8384500000000001}",20,0,-44.81931089177314,"{0: 14, 1: 0, 2: 6, 3: 0, 4: 0}",0
360,False,"{'a': 0.1, 'e': 0.8375500000000001}",25,0,-22.83848678599987,"{0: 19, 1: 3, 2: 3, 3: 0, 4: 0}",0
361,False,"{'a': 0.1, 'e': 0.8366475000000001}",30,0,-188.36228087038023,"{0: 18, 1: 1, 2: 8, 3: 0, 4: 3}",0
362,False,"{'a': 0.1, 'e': 0.8357425}",25,0,-152.36021599915833,"{0: 12, 1: 5, 2: 6, 3: 0, 4: 2}",0
363,False,"{'a': 0.1, 'e': 0.8348350000000001}",25,0,-38.6697374562495,"{0: 17, 1: 3, 2: 5, 3: 0, 4: 0}",0
364,False,"{'a': 0.1, 'e': 0.8339250000000001}",25,0,-90.37998280258003,"{0: 17, 1: 3, 2: 2, 3: 2, 4: 1}",0
365,False,"{'a': 0.1, 'e': 0.8330125000000002}",25,0,-55.7202014625656,"{0: 20, 1: 0, 2: 4, 3: 0, 4: 1}",0
366,False,"{'a': 0.1, 'e': 0.8320975000000002}",25,0,-130.2833891260147,"{0: 16, 1: 0, 2: 7, 3: 0, 4: 2}",0
367,False,"{'a': 0.1, 'e': 0.8311800000000001}",20,0,-64.681782001671,"{0: 13, 1: 1, 2: 4, 3: 2, 4: 0}",0
368,False,"{'a': 0.1, 'e': 0.8302600000000001}",35,0,-151.49779842076114,"{0: 23, 1: 3, 2: 6, 3: 1, 4: 2}",0
369,False,"{'a': 0.1, 'e': 0.8293375000000001}",35,0,-88.39657415454448,"{0: 25, 1: 2, 2: 7, 3: 0, 4: 1}",0
370,False,"{'a': 0.1, 'e': 0.8284125000000001}",25,13,-41.01712178999489,"{0: 9, 1: 1, 2: 1, 3: 0, 4: 1}",1
371,False,"{'a': 0.1, 'e': 0.8274850000000001}",20,0,-101.90308214255612,"{0: 14, 1: 1, 2: 2, 3: 1, 4: 2}",0
372,False,"{'a': 0.1, 'e': 0.8265550000000002}",20,0,-98.48032246852605,"{0: 15, 1: 0, 2: 2, 3: 1, 4: 2}",0
373,False,"{'a': 0.1, 'e': 0.8256225000000001}",35,0,-84.67791731300737,"{0: 25, 1: 5, 2: 3, 3: 1, 4: 1}",0
374,False,"{'a': 0.1, 'e': 0.8246875000000001}",25,0,-64.08467290970165,"{0: 18, 1: 2, 2: 4, 3: 0, 4: 1}",0
375,False,"{'a': 0.1, 'e': 0.8237500000000001}",30,0,-148.32719595490158,"{0: 20, 1: 2, 2: 5, 3: 0, 4: 3}",0
376,False,"{'a': 0.1, 'e': 0.82281}",30,0,-150.93754128170946,"{0: 19, 1: 2, 2: 5, 3: 2, 4: 2}",0
377,False,"{'a': 0.1, 'e': 0.8218675000000001}",25,0,-135.1103748059913,"{0: 13, 1: 2, 2: 8, 3: 1, 4: 1}",0
378,False,"{'a': 0.1, 'e': 0.8209225000000001}",20,0,-61.39562099866701,"{0: 12, 1: 3, 2: 4, 3: 1, 4: 0}",0
379,False,"{'a': 0.1, 'e': 0.8199750000000001}",30,5,-123.67163379463344,"{0: 17, 1: 0, 2: 5, 3: 1, 4: 2}",1
380,False,"{'a': 0.1, 'e': 0.8190250000000001}",25,0,-103.22911430503008,"{0: 12, 1: 4, 2: 8, 3: 1, 4: 0}",0
381,False,"{'a': 0.1, 'e': 0.8180725000000001}",25,0,-79.23566495990983,"{0: 17, 1: 2, 2: 5, 3: 0, 4: 1}",0
382,False,"{'a': 0.1, 'e': 0.8171175}",20,0,-68.97011395922027,"{0: 14, 1: 1, 2: 4, 3: 0, 4: 1}",0
383,False,"{'a': 0.1, 'e': 0.81616}",25,0,-66.30882969184563,"{0: 16, 1: 3, 2: 5, 3: 1, 4: 0}",0
384,False,"{'a': 0.1, 'e': 0.8152}",20,0,-124.57180022336419,"{0: 11, 1: 2, 2: 5, 3: 0, 4: 2}",0
385,False,"{'a': 0.1, 'e': 0.8142375000000001}",20,2,-67.11383830678464,"{0: 10, 1: 5, 2: 2, 3: 0, 4: 1}",1
386,False,"{'a': 0.1, 'e': 0.8132725000000001}",35,0,-127.98634038558244,"{0: 23, 1: 2, 2: 8, 3: 1, 4: 1}",0
387,False,"{'a': 0.1, 'e': 0.812305}",30,0,-139.48054951343127,"{0: 18, 1: 3, 2: 5, 3: 3, 4: 1}",0
388,False,"{'a': 0.1, 'e': 0.811335}",20,0,-61.37045315225795,"{0: 14, 1: 1, 2: 3, 3: 2, 4: 0}",0
389,False,"{'a': 0.1, 'e': 0.8103625}",25,0,-144.17100184241986,"{0: 14, 1: 4, 2: 4, 3: 1, 4: 2}",0
390,False,"{'a': 0.1, 'e': 0.8093875}",25,0,-177.85601094778036,"{0: 15, 1: 2, 2: 3, 3: 2, 4: 3}",0
391,False,"{'a': 0.1, 'e': 0.8084100000000001}",30,0,-106.98001097430381,"{0: 23, 1: 1, 2: 3, 3: 1, 4: 2}",0
392,False,"{'a': 0.1, 'e': 0.8074300000000001}",20,9,-25.4279631440107,"{0: 7, 1: 1, 2: 3, 3: 0, 4: 0}",1
393,False,"{'a': 0.1, 'e': 0.8064475000000001}",20,0,-50.31469060155274,"{0: 14, 1: 3, 2: 1, 3: 2, 4: 0}",0
394,False,"{'a': 0.1, 'e': 0.8054625000000001}",25,0,-97.80550404437302,"{0: 18, 1: 2, 2: 3, 3: 0, 4: 2}",0
395,False,"{'a': 0.1, 'e': 0.804475}",20,0,-148.03791352522455,"{0: 13, 1: 1, 2: 2, 3: 1, 4: 3}",0
396,False,"{'a': 0.1, 'e': 0.803485}",25,0,-83.60881179167949,"{0: 16, 1: 4, 2: 4, 3: 0, 4: 1}",0
397,False,"{'a': 0.1, 'e': 0.8024925}",30,0,-136.72222170701065,"{0: 18, 1: 4, 2: 6, 3: 0, 4: 2}",0
398,False,"{'a': 0.1, 'e': 0.8014975000000001}",25,0,-116.41943899269432,"{0: 16, 1: 3, 2: 2, 3: 3, 4: 1}",0
399,False,"{'a': 0.1, 'e': 0.8005000000000001}",20,0,-102.87697113338695,"{0: 12, 1: 3, 2: 2, 3: 2, 4: 1}",0
400,False,"{'a': 0.1, 'e': 0.7995000000000001}",30,0,-59.96410214903259,"{0: 21, 1: 2, 2: 6, 3: 1, 4: 0}",0
401,False,"{'a': 0.1, 'e': 0.7984975000000001}",30,0,-48.66334582910908,"{0: 24, 1: 2, 2: 3, 3: 0, 4: 1}",0
402,False,"{'a': 0.1, 'e': 0.7974925}",25,15,-23.057188060842964,"{0: 5, 1: 4, 2: 1, 3: 0, 4: 0}",1
403,False,"{'a': 0.1, 'e': 0.796485}",25,0,-109.18199216162269,"{0: 17, 1: 1, 2: 4, 3: 2, 4: 1}",0
404,False,"{'a': 0.1, 'e': 0.795475}",20,0,-82.2735159522227,"{0: 12, 1: 0, 2: 6, 3: 2, 4: 0}",0
405,False,"{'a': 0.1, 'e': 0.7944625000000001}",20,0,-58.569223655534344,"{0: 14, 1: 1, 2: 4, 3: 0, 4: 1}",0
406,False,"{'a': 0.1, 'e': 0.7934475000000001}",20,0,-34.839113497473036,"{0: 13, 1: 5, 2: 1, 3: 1, 4: 0}",0
407,False,"{'a': 0.1, 'e': 0.7924300000000001}",20,12,14.596452914385535,"{0: 8, 1: 0, 2: 0, 3: 0, 4: 0}",1
408,False,"{'a': 0.1, 'e': 0.7914100000000001}",20,0,-48.53231101152879,"{0: 13, 1: 1, 2: 6, 3: 0, 4: 0}",0
409,False,"{'a': 0.1, 'e': 0.7903875}",25,0,-104.00026128523493,"{0: 14, 1: 5, 2: 4, 3: 1, 4: 1}",0
410,False,"{'a': 0.1, 'e': 0.7893625}",30,0,-107.0889078942424,"{0: 14, 1: 8, 2: 7, 3: 1, 4: 0}",0
411,False,"{'a': 0.1, 'e': 0.788335}",20,0,-152.72934463469076,"{0: 12, 1: 1, 2: 4, 3: 0, 4: 3}",0
412,False,"{'a': 0.1, 'e': 0.787305}",30,0,-48.549816799486145,"{0: 22, 1: 2, 2: 5, 3: 1, 4: 0}",0
413,False,"{'a': 0.1, 'e': 0.7862725}",20,9,-83.2031613913221,"{0: 7, 1: 1, 2: 1, 3: 0, 4: 2}",1
414,False,"{'a': 0.1, 'e': 0.7852375}",25,0,-46.636197497219634,"{0: 18, 1: 2, 2: 4, 3: 1, 4: 0}",0
415,False,"{'a': 0.1, 'e': 0.7842}",20,8,-47.736212457535245,"{0: 9, 1: 0, 2: 2, 3: 0, 4: 1}",1
416,False,"{'a': 0.1, 'e': 0.78316}",20,0,-42.59071501728499,"{0: 13, 1: 2, 2: 5, 3: 0, 4: 0}",0
417,False,"{'a': 0.1, 'e': 0.7821175}",25,17,-4.490226870853819,"{0: 6, 1: 1, 2: 1, 3: 0, 4: 0}",1
418,False,"{'a': 0.1, 'e': 0.7810725000000001}",25,0,-124.6169090920381,"{0: 14, 1: 0, 2: 8, 3: 3, 4: 0}",0
419,False,"{'a': 0.1, 'e': 0.7800250000000001}",20,6,-70.97549548283243,"{0: 11, 1: 0, 2: 1, 3: 0, 4: 2}",1
420,False,"{'a': 0.1, 'e': 0.7789750000000001}",20,8,-2.819818157925495,"{0: 10, 1: 0, 2: 2, 3: 0, 4: 0}",1
421,False,"{'a': 0.1, 'e': 0.7779225000000001}",30,16,-24.75943027119665,"{0: 9, 1: 2, 2: 3, 3: 0, 4: 0}",1
422,False,"{'a': 0.1, 'e': 0.7768675}",25,0,-117.6585134703016,"{0: 16, 1: 2, 2: 4, 3: 2, 4: 1}",0
423,False,"{'a': 0.1, 'e': 0.77581}",20,9,-7.161121490598617,"{0: 9, 1: 0, 2: 2, 3: 0, 4: 0}",1
424,False,"{'a': 0.1, 'e': 0.77475}",20,3,-88.44931054607423,"{0: 12, 1: 1, 2: 2, 3: 0, 4: 2}",1
425,False,"{'a': 0.1, 'e': 0.7736875000000001}",25,0,-58.49162407275526,"{0: 17, 1: 2, 2: 5, 3: 1, 4: 0}",0
426,False,"{'a': 0.1, 'e': 0.7726225000000001}",20,7,7.6369572990998895,"{0: 12, 1: 0, 2: 1, 3: 0, 4: 0}",1
427,False,"{'a': 0.1, 'e': 0.7715550000000001}",25,0,-80.33532336256317,"{0: 18, 1: 2, 2: 3, 3: 1, 4: 1}",0
428,False,"{'a': 0.1, 'e': 0.7704850000000001}",20,0,-59.88289220977541,"{0: 15, 1: 1, 2: 3, 3: 0, 4: 1}",0
429,False,"{'a': 0.1, 'e': 0.7694125}",25,12,-40.538519277663376,"{0: 10, 1: 0, 2: 2, 3: 0, 4: 1}",1
430,False,"{'a': 0.1, 'e': 0.7683375}",20,0,-82.06338927024701,"{0: 15, 1: 0, 2: 2, 3: 2, 4: 1}",0
431,False,"{'a': 0.1, 'e': 0.76726}",25,2,-93.80022479346313,"{0: 16, 1: 2, 2: 2, 3: 2, 4: 1}",1
432,False,"{'a': 0.1, 'e': 0.7661800000000001}",25,0,-19.591436820415595,"{0: 21, 1: 1, 2: 2, 3: 1, 4: 0}",0
433,False,"{'a': 0.1, 'e': 0.7650975000000001}",25,9,-61.440471308287606,"{0: 11, 1: 0, 2: 4, 3: 0, 4: 1}",1
434,False,"{'a': 0.1, 'e': 0.7640125000000001}",30,0,-93.4240745057808,"{0: 21, 1: 2, 2: 5, 3: 1, 4: 1}",0
435,False,"{'a': 0.1, 'e': 0.7629250000000001}",20,0,-46.50252247030321,"{0: 16, 1: 1, 2: 2, 3: 0, 4: 1}",0
436,False,"{'a': 0.1, 'e': 0.761835}",20,0,-59.32680056985481,"{0: 12, 1: 3, 2: 4, 3: 1, 4: 0}",0
437,False,"{'a': 0.1, 'e': 0.7607425}",20,0,-40.40847599136821,"{0: 16, 1: 1, 2: 2, 3: 0, 4: 1}",0
438,False,"{'a': 0.1, 'e': 0.7596475}",25,0,-7.9600741080379915,"{0: 20, 1: 4, 2: 1, 3: 0, 4: 0}",0
439,False,"{'a': 0.1, 'e': 0.7585500000000001}",25,0,-88.10769416921961,"{0: 19, 1: 0, 2: 3, 3: 2, 4: 1}",0
440,False,"{'a': 0.1, 'e': 0.7574500000000001}",25,19,10.447744658801602,"{0: 6, 1: 0, 2: 0, 3: 0, 4: 0}",1
441,False,"{'a': 0.1, 'e': 0.7563475000000001}",25,0,-52.571120638743885,"{0: 16, 1: 3, 2: 6, 3: 0, 4: 0}",0
442,False,"{'a': 0.1, 'e': 0.7552425}",20,13,-39.353479579528845,"{0: 5, 1: 0, 2: 1, 3: 0, 4: 1}",1
443,False,"{'a': 0.1, 'e': 0.754135}",20,3,-17.626325641827208,"{0: 15, 1: 1, 2: 0, 3: 0, 4: 1}",1
444,False,"{'a': 0.1, 'e': 0.7530249999999999}",30,0,-158.4478154505688,"{0: 17, 1: 3, 2: 7, 3: 1, 4: 2}",0
445,False,"{'a': 0.1, 'e': 0.7519125}",20,11,-12.57458705812364,"{0: 7, 1: 1, 2: 0, 3: 1, 4: 0}",1
446,False,"{'a': 0.1, 'e': 0.7507975}",25,7,-8.947342189171257,"{0: 15, 1: 2, 2: 0, 3: 1, 4: 0}",1
447,False,"{'a': 0.1, 'e': 0.74968}",20,0,-65.99251671838358,"{0: 13, 1: 3, 2: 3, 3: 0, 4: 1}",0
448,False,"{'a': 0.1, 'e': 0.74856}",25,6,-79.93932448520253,"{0: 11, 1: 1, 2: 5, 3: 2, 4: 0}",1
449,False,"{'a': 0.1, 'e': 0.7474375}",25,0,-105.28698371182688,"{0: 17, 1: 3, 2: 3, 3: 0, 4: 2}",0
450,False,"{'a': 0.1, 'e': 0.7463124999999999}",20,0,-66.21500235918246,"{0: 12, 1: 1, 2: 6, 3: 1, 4: 0}",0
451,False,"{'a': 0.1, 'e': 0.745185}",30,9,-35.02877510913672,"{0: 18, 1: 0, 2: 2, 3: 0, 4: 1}",1
452,False,"{'a': 0.1, 'e': 0.744055}",25,0,-187.90466416716976,"{0: 14, 1: 1, 2: 6, 3: 1, 4: 3}",0
453,False,"{'a': 0.1, 'e': 0.7429225}",20,5,-33.95339525332178,"{0: 12, 1: 1, 2: 1, 3: 0, 4: 1}",1
454,False,"{'a': 0.1, 'e': 0.7417875}",20,0,-141.48906441114957,"{0: 13, 1: 2, 2: 1, 3: 1, 4: 3}",0
455,False,"{'a': 0.1, 'e': 0.74065}",25,1,-59.132831841534475,"{0: 18, 1: 2, 2: 3, 3: 0, 4: 1}",1
456,False,"{'a': 0.1, 'e': 0.73951}",20,0,-56.81217202350407,"{0: 14, 1: 2, 2: 3, 3: 0, 4: 1}",0
457,False,"{'a': 0.1, 'e': 0.7383675}",25,8,-9.667748621247576,"{0: 13, 1: 2, 2: 2, 3: 0, 4: 0}",1
458,False,"{'a': 0.1, 'e': 0.7372225}",30,0,-22.43521085902193,"{0: 24, 1: 0, 2: 6, 3: 0, 4: 0}",0
459,False,"{'a': 0.1, 'e': 0.736075}",20,11,-3.533135950235165,"{0: 7, 1: 1, 2: 1, 3: 0, 4: 0}",1
460,False,"{'a': 0.1, 'e': 0.734925}",25,0,-72.31583826075466,"{0: 18, 1: 3, 2: 2, 3: 1, 4: 1}",0
461,False,"{'a': 0.1, 'e': 0.7337725}",25,3,-91.59377829049112,"{0: 15, 1: 3, 2: 2, 3: 0, 4: 2}",1
462,False,"{'a': 0.1, 'e': 0.7326175}",25,0,-39.991235588854536,"{0: 18, 1: 1, 2: 6, 3: 0, 4: 0}",0
463,False,"{'a': 0.1, 'e': 0.73146}",25,0,-76.73365606343994,"{0: 16, 1: 1, 2: 7, 3: 1, 4: 0}",0
464,False,"{'a': 0.1, 'e': 0.7303}",20,0,-56.08035684754072,"{0: 13, 1: 1, 2: 5, 3: 1, 4: 0}",0
465,False,"{'a': 0.1, 'e': 0.7291375}",20,0,-133.2942188423936,"{0: 13, 1: 1, 2: 3, 3: 0, 4: 3}",0
466,False,"{'a': 0.1, 'e': 0.7279725}",30,19,-6.938610350536522,"{0: 9, 1: 0, 2: 2, 3: 0, 4: 0}",1
467,False,"{'a': 0.1, 'e': 0.726805}",30,0,-52.48486423902387,"{0: 21, 1: 2, 2: 7, 3: 0, 4: 0}",0
468,False,"{'a': 0.1, 'e': 0.725635}",25,7,-48.72045376622665,"{0: 12, 1: 0, 2: 5, 3: 1, 4: 0}",1
469,False,"{'a': 0.1, 'e': 0.7244625}",20,0,-174.07218713448026,"{0: 10, 1: 1, 2: 6, 3: 0, 4: 3}",0
470,False,"{'a': 0.1, 'e': 0.7232875}",20,0,-57.676120787505184,"{0: 14, 1: 2, 2: 1, 3: 3, 4: 0}",0
471,False,"{'a': 0.1, 'e': 0.7221099999999999}",20,0,-66.29501932491871,"{0: 14, 1: 1, 2: 4, 3: 0, 4: 1}",0
472,False,"{'a': 0.1, 'e': 0.72093}",25,0,-221.27998358762102,"{0: 15, 1: 2, 2: 3, 3: 0, 4: 5}",0
473,False,"{'a': 0.1, 'e': 0.7197475}",20,0,-61.19290853014576,"{0: 13, 1: 0, 2: 6, 3: 1, 4: 0}",0
474,False,"{'a': 0.1, 'e': 0.7185625}",30,15,-83.75966484670133,"{0: 11, 1: 0, 2: 2, 3: 0, 4: 2}",1
475,False,"{'a': 0.1, 'e': 0.717375}",30,15,-101.12760113163515,"{0: 12, 1: 0, 2: 0, 3: 0, 4: 3}",1
476,False,"{'a': 0.1, 'e': 0.716185}",25,0,-92.19442284004444,"{0: 19, 1: 2, 2: 2, 3: 0, 4: 2}",0
477,False,"{'a': 0.1, 'e': 0.7149924999999999}",20,13,-1.8557074102783693,"{0: 6, 1: 0, 2: 1, 3: 0, 4: 0}",1
478,False,"{'a': 0.1, 'e': 0.7137975}",20,0,-139.94769669978783,"{0: 10, 1: 1, 2: 7, 3: 0, 4: 2}",0
479,False,"{'a': 0.1, 'e': 0.7126}",20,0,-101.26028814223947,"{0: 16, 1: 0, 2: 0, 3: 2, 4: 2}",0
480,False,"{'a': 0.1, 'e': 0.7114}",25,0,-98.2096482390255,"{0: 17, 1: 0, 2: 6, 3: 1, 4: 1}",0
481,False,"{'a': 0.1, 'e': 0.7101975}",20,2,-71.71110567152947,"{0: 11, 1: 2, 2: 4, 3: 0, 4: 1}",1
482,False,"{'a': 0.1, 'e': 0.7089925}",30,8,-87.10227869969385,"{0: 13, 1: 5, 2: 2, 3: 1, 4: 1}",1
483,False,"{'a': 0.1, 'e': 0.707785}",30,11,-38.371425514824566,"{0: 15, 1: 1, 2: 2, 3: 0, 4: 1}",1
484,False,"{'a': 0.1, 'e': 0.706575}",30,0,-55.03472915844206,"{0: 23, 1: 2, 2: 4, 3: 0, 4: 1}",0
485,False,"{'a': 0.1, 'e': 0.7053625}",30,10,-173.82393208746674,"{0: 12, 1: 1, 2: 3, 3: 0, 4: 4}",1
486,False,"{'a': 0.1, 'e': 0.7041475}",30,19,-1.2832066381957175,"{0: 9, 1: 1, 2: 1, 3: 0, 4: 0}",1
487,False,"{'a': 0.1, 'e': 0.70293}",30,0,-108.66044381035073,"{0: 23, 1: 1, 2: 3, 3: 1, 4: 2}",0
488,False,"{'a': 0.1, 'e': 0.7017100000000001}",20,0,-69.3573254567583,"{0: 14, 1: 0, 2: 5, 3: 0, 4: 1}",0
489,False,"{'a': 0.1, 'e': 0.7004875}",20,0,-21.054056423529044,"{0: 15, 1: 3, 2: 1, 3: 1, 4: 0}",0
490,False,"{'a': 0.1, 'e': 0.6992625}",20,3,10.150650914311527,"{0: 15, 1: 1, 2: 1, 3: 0, 4: 0}",1
491,False,"{'a': 0.1, 'e': 0.698035}",25,11,-20.70247838449736,"{0: 10, 1: 1, 2: 3, 3: 0, 4: 0}",1
492,False,"{'a': 0.1, 'e': 0.696805}",20,7,5.062308498039,"{0: 11, 1: 2, 2: 0, 3: 0, 4: 0}",1
493,False,"{'a': 0.1, 'e': 0.6955725}",25,0,-87.39235049312131,"{0: 18, 1: 2, 2: 2, 3: 2, 4: 1}",0
494,False,"{'a': 0.1, 'e': 0.6943375}",20,0,-15.479544692400165,"{0: 15, 1: 3, 2: 2, 3: 0, 4: 0}",0
495,False,"{'a': 0.1, 'e': 0.6931}",20,5,-32.630761201043754,"{0: 10, 1: 2, 2: 2, 3: 1, 4: 0}",1
496,False,"{'a': 0.1, 'e': 0.69186}",25,13,-10.815489752495981,"{0: 9, 1: 1, 2: 2, 3: 0, 4: 0}",1
497,False,"{'a': 0.1, 'e': 0.6906175}",35,0,-126.08009542175205,"{0: 23, 1: 3, 2: 6, 3: 2, 4: 1}",0
498,False,"{'a': 0.1, 'e': 0.6893724999999999}",25,0,-110.73352258815228,"{0: 16, 1: 3, 2: 4, 3: 0, 4: 2}",0
499,False,"{'a': 0.1, 'e': 0.688125}",20,12,0.9334790465181881,"{0: 6, 1: 2, 2: 0, 3: 0, 4: 0}",1
500,False,"{'a': 0.1, 'e': 0.686875}",20,9,9.140499461018138,"{0: 10, 1: 0, 2: 1, 3: 0, 4: 0}",1
501,False,"{'a': 0.1, 'e': 0.6856225}",20,0,-124.31263747424822,"{0: 13, 1: 0, 2: 4, 3: 1, 4: 2}",0
502,False,"{'a': 0.1, 'e': 0.6843675}",20,2,-2.469706278581648,"{0: 16, 1: 0, 2: 1, 3: 1, 4: 0}",1
503,False,"{'a': 0.1, 'e': 0.68311}",30,0,-99.60304423924879,"{0: 22, 1: 3, 2: 3, 3: 0, 4: 2}",0
504,False,"{'a': 0.1, 'e': 0.68185}",25,0,26.361033623194217,"{0: 24, 1: 1, 2: 0, 3: 0, 4: 0}",0
505,False,"{'a': 0.1, 'e': 0.6805874999999999}",20,0,-132.30645373305984,"{0: 11, 1: 1, 2: 6, 3: 0, 4: 2}",0
506,False,"{'a': 0.1, 'e': 0.6793224999999999}",20,0,-12.979362402679977,"{0: 17, 1: 1, 2: 1, 3: 1, 4: 0}",0
507,False,"{'a': 0.1, 'e': 0.678055}",20,0,-57.582744839129234,"{0: 16, 1: 0, 2: 2, 3: 1, 4: 1}",0
508,False,"{'a': 0.1, 'e': 0.676785}",30,0,-43.12237254539282,"{0: 26, 1: 0, 2: 2, 3: 1, 4: 1}",0
509,False,"{'a': 0.1, 'e': 0.6755125}",25,0,-52.935274269440214,"{0: 20, 1: 1, 2: 3, 3: 0, 4: 1}",0
510,False,"{'a': 0.1, 'e': 0.6742374999999999}",30,0,-60.75102658396014,"{0: 22, 1: 3, 2: 4, 3: 0, 4: 1}",0
511,False,"{'a': 0.1, 'e': 0.6729599999999999}",20,2,10.486752126466317,"{0: 16, 1: 1, 2: 1, 3: 0, 4: 0}",1
512,False,"{'a': 0.1, 'e': 0.6716799999999999}",20,0,-75.87794299319832,"{0: 15, 1: 3, 2: 0, 3: 0, 4: 2}",0
513,False,"{'a': 0.1, 'e': 0.6703975}",25,0,-53.62074762520308,"{0: 19, 1: 1, 2: 4, 3: 0, 4: 1}",0
514,False,"{'a': 0.1, 'e': 0.6691125}",25,0,-72.73043634207028,"{0: 18, 1: 2, 2: 3, 3: 1, 4: 1}",0
515,False,"{'a': 0.1, 'e': 0.667825}",20,11,6.82590192083568,"{0: 8, 1: 0, 2: 1, 3: 0, 4: 0}",1
516,False,"{'a': 0.1, 'e': 0.666535}",20,0,-23.06787402766004,"{0: 15, 1: 1, 2: 4, 3: 0, 4: 0}",0
517,False,"{'a': 0.1, 'e': 0.6652425}",20,0,-83.27845179298404,"{0: 16, 1: 0, 2: 2, 3: 0, 4: 2}",0
518,False,"{'a': 0.1, 'e': 0.6639474999999999}",25,0,-115.50460043017272,"{0: 16, 1: 3, 2: 4, 3: 0, 4: 2}",0
519,False,"{'a': 0.1, 'e': 0.66265}",35,0,-151.87969911168122,"{0: 24, 1: 1, 2: 6, 3: 2, 4: 2}",0
520,False,"{'a': 0.1, 'e': 0.66135}",25,17,7.960202250167268,"{0: 7, 1: 1, 2: 0, 3: 0, 4: 0}",1
521,False,"{'a': 0.1, 'e': 0.6600475}",20,0,-82.69186564815689,"{0: 15, 1: 0, 2: 2, 3: 2, 4: 1}",0
522,False,"{'a': 0.1, 'e': 0.6587425}",25,0,-14.956643490221692,"{0: 20, 1: 2, 2: 3, 3: 0, 4: 0}",0
523,False,"{'a': 0.1, 'e': 0.657435}",35,0,-128.9959161835542,"{0: 28, 1: 1, 2: 2, 3: 1, 4: 3}",0
524,False,"{'a': 0.1, 'e': 0.656125}",30,19,-55.3315662813675,"{0: 8, 1: 1, 2: 0, 3: 1, 4: 1}",1
525,False,"{'a': 0.1, 'e': 0.6548124999999999}",20,0,-73.49762857515944,"{0: 15, 1: 0, 2: 3, 3: 1, 4: 1}",0
526,False,"{'a': 0.1, 'e': 0.6534975}",30,17,-2.951068445198014,"{0: 10, 1: 2, 2: 1, 3: 0, 4: 0}",1
527,False,"{'a': 0.1, 'e': 0.65218}",20,1,-25.574843563644087,"{0: 17, 1: 0, 2: 1, 3: 0, 4: 1}",1
528,False,"{'a': 0.1, 'e': 0.65086}",20,6,-42.84201778795335,"{0: 9, 1: 0, 2: 4, 3: 1, 4: 0}",1
529,False,"{'a': 0.1, 'e': 0.6495375}",30,0,-115.3728452813999,"{0: 22, 1: 2, 2: 3, 3: 1, 4: 2}",0
530,False,"{'a': 0.1, 'e': 0.6482125}",25,2,-74.29432780062302,"{0: 16, 1: 1, 2: 5, 3: 0, 4: 1}",1
531,False,"{'a': 0.1, 'e': 0.6468849999999999}",20,6,-24.258863565270442,"{0: 10, 1: 0, 2: 4, 3: 0, 4: 0}",1
532,False,"{'a': 0.1, 'e': 0.6455549999999999}",30,11,-22.44201858401128,"{0: 15, 1: 1, 2: 2, 3: 1, 4: 0}",1
533,False,"{'a': 0.1, 'e': 0.6442224999999999}",25,6,-50.704778935188024,"{0: 14, 1: 1, 2: 3, 3: 0, 4: 1}",1
534,False,"{'a': 0.1, 'e': 0.6428875}",20,0,20.080511585445386,"{0: 19, 1: 0, 2: 1, 3: 0, 4: 0}",0
535,False,"{'a': 0.1, 'e': 0.64155}",20,0,-10.220220842086693,"{0: 16, 1: 2, 2: 2, 3: 0, 4: 0}",0
536,False,"{'a': 0.1, 'e': 0.64021}",25,0,-25.114749843067177,"{0: 20, 1: 2, 2: 2, 3: 1, 4: 0}",0
537,False,"{'a': 0.1, 'e': 0.6388674999999999}",20,15,3.7386789384380243,"{0: 4, 1: 1, 2: 0, 3: 0, 4: 0}",1
538,False,"{'a': 0.1, 'e': 0.6375224999999999}",20,3,-74.05299972303192,"{0: 11, 1: 0, 2: 5, 3: 0, 4: 1}",1
539,False,"{'a': 0.1, 'e': 0.6361749999999999}",20,4,-171.6272120620439,"{0: 10, 1: 0, 2: 1, 3: 1, 4: 4}",1
540,False,"{'a': 0.1, 'e': 0.634825}",20,0,-17.613935741809925,"{0: 16, 1: 0, 2: 4, 3: 0, 4: 0}",0
541,False,"{'a': 0.1, 'e': 0.6334725}",30,6,-60.88652905273059,"{0: 17, 1: 3, 2: 3, 3: 0, 4: 1}",1
542,False,"{'a': 0.1, 'e': 0.6321175}",25,6,-52.24010910504119,"{0: 14, 1: 1, 2: 3, 3: 0, 4: 1}",1
543,False,"{'a': 0.1, 'e': 0.63076}",20,0,27.083395407940564,"{0: 20, 1: 0, 2: 0, 3: 0, 4: 0}",0
544,False,"{'a': 0.1, 'e': 0.6294}",25,13,-85.60831685665059,"{0: 7, 1: 1, 2: 1, 3: 2, 4: 1}",1
545,False,"{'a': 0.1, 'e': 0.6280374999999999}",20,0,-102.72446047250513,"{0: 14, 1: 1, 2: 2, 3: 1, 4: 2}",0
546,False,"{'a': 0.1, 'e': 0.6266725}",25,8,-144.7282024493607,"{0: 8, 1: 0, 2: 6, 3: 1, 4: 2}",1
547,False,"{'a': 0.1, 'e': 0.625305}",25,0,-66.48162726626494,"{0: 18, 1: 0, 2: 6, 3: 0, 4: 1}",0
548,False,"{'a': 0.1, 'e': 0.623935}",30,0,-93.3974673846781,"{0: 21, 1: 2, 2: 5, 3: 1, 4: 1}",0
549,False,"{'a': 0.1, 'e': 0.6225625}",20,0,-2.9605876515481864,"{0: 17, 1: 1, 2: 2, 3: 0, 4: 0}",0
550,False,"{'a': 0.1, 'e': 0.6211875}",25,10,-75.31874650669863,"{0: 9, 1: 2, 2: 2, 3: 1, 4: 1}",1
551,False,"{'a': 0.1, 'e': 0.61981}",25,0,-42.8837571492241,"{0: 20, 1: 1, 2: 3, 3: 0, 4: 1}",0
552,False,"{'a': 0.1, 'e': 0.6184299999999999}",25,0,-96.31399788858864,"{0: 19, 1: 1, 2: 2, 3: 1, 4: 2}",0
553,False,"{'a': 0.1, 'e': 0.6170475}",35,4,-211.95240606167675,"{0: 22, 1: 0, 2: 4, 3: 0, 4: 5}",1
554,False,"{'a': 0.1, 'e': 0.6156625}",25,10,4.326639625730325,"{0: 13, 1: 0, 2: 2, 3: 0, 4: 0}",1
555,False,"{'a': 0.1, 'e': 0.614275}",25,3,-83.56675048192716,"{0: 16, 1: 1, 2: 2, 3: 2, 4: 1}",1
556,False,"{'a': 0.1, 'e': 0.612885}",25,0,13.396296713827182,"{0: 23, 1: 0, 2: 2, 3: 0, 4: 0}",0
557,False,"{'a': 0.1, 'e': 0.6114925}",20,10,-9.698400967691256,"{0: 7, 1: 2, 2: 1, 3: 0, 4: 0}",1
558,False,"{'a': 0.1, 'e': 0.6100975}",20,11,-13.157151822028665,"{0: 7, 1: 1, 2: 0, 3: 1, 4: 0}",1
559,False,"{'a': 0.1, 'e': 0.6086999999999999}",25,0,-15.139584654694211,"{0: 20, 1: 2, 2: 2, 3: 1, 4: 0}",0
560,False,"{'a': 0.1, 'e': 0.6073}",30,5,-86.13450858688047,"{0: 16, 1: 2, 2: 4, 3: 3, 4: 0}",1
561,False,"{'a': 0.1, 'e': 0.6058975}",30,2,-97.93228744478769,"{0: 20, 1: 2, 2: 4, 3: 0, 4: 2}",1
562,False,"{'a': 0.1, 'e': 0.6044925}",20,6,-61.1164544494451,"{0: 10, 1: 0, 2: 2, 3: 1, 4: 1}",1
563,False,"{'a': 0.1, 'e': 0.603085}",20,0,-55.76643339612605,"{0: 15, 1: 1, 2: 3, 3: 0, 4: 1}",0
564,False,"{'a': 0.1, 'e': 0.601675}",20,0,-61.645479663088665,"{0: 15, 1: 2, 2: 1, 3: 1, 4: 1}",0
565,False,"{'a': 0.1, 'e': 0.6002624999999999}",35,21,-35.72829042973613,"{0: 11, 1: 0, 2: 2, 3: 0, 4: 1}",1
566,False,"{'a': 0.1, 'e': 0.5988474999999999}",25,0,-52.110301795320275,"{0: 22, 1: 1, 2: 0, 3: 0, 4: 2}",0
567,False,"{'a': 0.1, 'e': 0.5974299999999999}",20,0,-194.38778623870436,"{0: 11, 1: 2, 2: 3, 3: 0, 4: 4}",0
568,False,"{'a': 0.1, 'e': 0.5960099999999999}",20,9,-3.3657310283256354,"{0: 9, 1: 0, 2: 2, 3: 0, 4: 0}",1
569,False,"{'a': 0.1, 'e': 0.5945874999999999}",20,3,-52.18275562943871,"{0: 12, 1: 2, 2: 2, 3: 0, 4: 1}",1
570,False,"{'a': 0.1, 'e': 0.5931624999999999}",25,0,-127.42152103974169,"{0: 17, 1: 2, 2: 2, 3: 2, 4: 2}",0
571,False,"{'a': 0.1, 'e': 0.5917349999999999}",20,8,-6.18257527307686,"{0: 10, 1: 1, 2: 0, 3: 1, 4: 0}",1
572,False,"{'a': 0.1, 'e': 0.5903049999999999}",20,10,-30.398173592232677,"{0: 7, 1: 0, 2: 2, 3: 1, 4: 0}",1
573,False,"{'a': 0.1, 'e': 0.5888724999999999}",35,0,-145.13042416121354,"{0: 25, 1: 2, 2: 5, 3: 0, 4: 3}",0
574,False,"{'a': 0.1, 'e': 0.5874375}",20,0,-51.06591317774608,"{0: 17, 1: 0, 2: 1, 3: 1, 4: 1}",0
575,False,"{'a': 0.1, 'e': 0.586}",20,0,9.540919282031473,"{0: 18, 1: 0, 2: 2, 3: 0, 4: 0}",0
576,False,"{'a': 0.1, 'e': 0.58456}",25,2,-31.40268079487271,"{0: 20, 1: 0, 2: 2, 3: 0, 4: 1}",1
577,False,"{'a': 0.1, 'e': 0.5831175}",20,0,0.11063812978917498,"{0: 17, 1: 0, 2: 3, 3: 0, 4: 0}",0
578,False,"{'a': 0.1, 'e': 0.5816724999999999}",25,5,-145.609251913254,"{0: 13, 1: 1, 2: 2, 3: 1, 4: 3}",1
579,False,"{'a': 0.1, 'e': 0.5802249999999999}",25,9,-95.69049273535455,"{0: 9, 1: 1, 2: 3, 3: 2, 4: 1}",1
580,False,"{'a': 0.1, 'e': 0.5787749999999999}",20,7,-26.983011051918616,"{0: 9, 1: 0, 2: 4, 3: 0, 4: 0}",1
581,False,"{'a': 0.1, 'e': 0.5773225}",20,7,-33.575234383498774,"{0: 11, 1: 0, 2: 1, 3: 0, 4: 1}",1
582,False,"{'a': 0.1, 'e': 0.5758675}",20,0,-37.32349825643918,"{0: 16, 1: 2, 2: 1, 3: 0, 4: 1}",1
583,False,"{'a': 0.1, 'e': 0.57441}",20,0,-53.24321425312289,"{0: 16, 1: 0, 2: 2, 3: 1, 4: 1}",0
584,False,"{'a': 0.1, 'e': 0.57295}",25,19,11.280228474490983,"{0: 6, 1: 0, 2: 0, 3: 0, 4: 0}",1
585,False,"{'a': 0.1, 'e': 0.5714874999999999}",30,13,-87.71907982608782,"{0: 9, 1: 3, 2: 3, 3: 1, 4: 1}",1
586,False,"{'a': 0.1, 'e': 0.5700224999999999}",20,0,-199.69914000918976,"{0: 12, 1: 1, 2: 1, 3: 2, 4: 4}",0
587,False,"{'a': 0.1, 'e': 0.5685549999999999}",20,5,-37.98019558132415,"{0: 10, 1: 0, 2: 4, 3: 1, 4: 0}",1
588,False,"{'a': 0.1, 'e': 0.567085}",25,0,-90.60027177041131,"{0: 19, 1: 1, 2: 3, 3: 0, 4: 2}",0
589,False,"{'a': 0.1, 'e': 0.5656125}",20,0,-71.60093792215342,"{0: 11, 1: 5, 2: 2, 3: 2, 4: 0}",0
590,False,"{'a': 0.1, 'e': 0.5641375}",20,10,5.059726696140838,"{0: 9, 1: 0, 2: 1, 3: 0, 4: 0}",1
591,False,"{'a': 0.1, 'e': 0.5626599999999999}",30,3,-11.706524738840994,"{0: 22, 1: 3, 2: 1, 3: 1, 4: 0}",1
592,False,"{'a': 0.1, 'e': 0.5611799999999999}",20,0,2.233799291333912,"{0: 17, 1: 2, 2: 1, 3: 0, 4: 0}",0
593,False,"{'a': 0.1, 'e': 0.5596974999999998}",30,20,1.5587149885860643,"{0: 8, 1: 1, 2: 1, 3: 0, 4: 0}",1
594,False,"{'a': 0.1, 'e': 0.5582124999999999}",25,0,-122.09896465724215,"{0: 17, 1: 3, 2: 1, 3: 2, 4: 2}",0
595,False,"{'a': 0.1, 'e': 0.5567249999999999}",20,0,-21.535362341973205,"{0: 17, 1: 0, 2: 1, 3: 2, 4: 0}",1
596,False,"{'a': 0.1, 'e': 0.5552349999999999}",20,0,-59.53695201385094,"{0: 17, 1: 0, 2: 0, 3: 2, 4: 1}",0
597,False,"{'a': 0.1, 'e': 0.5537424999999999}",25,14,-25.242378850657126,"{0: 9, 1: 0, 2: 0, 3: 2, 4: 0}",1
598,False,"{'a': 0.1, 'e': 0.5522474999999999}",25,0,-83.03729189938467,"{0: 17, 1: 2, 2: 4, 3: 1, 4: 1}",0
599,False,"{'a': 0.1, 'e': 0.5507499999999999}",35,0,-104.27227026320847,"{0: 26, 1: 3, 2: 3, 3: 1, 4: 2}",0
600,False,"{'a': 0.1, 'e': 0.5492499999999999}",30,0,-18.134708193093577,"{0: 27, 1: 1, 2: 1, 3: 0, 4: 1}",1
601,False,"{'a': 0.1, 'e': 0.5477474999999999}",25,12,-3.4639620924185945,"{0: 10, 1: 2, 2: 1, 3: 0, 4: 0}",1
602,False,"{'a': 0.1, 'e': 0.5462425}",20,11,6.310867623150786,"{0: 8, 1: 0, 2: 1, 3: 0, 4: 0}",1
603,False,"{'a': 0.1, 'e': 0.544735}",25,0,-16.517547028312762,"{0: 20, 1: 1, 2: 4, 3: 0, 4: 0}",0
604,False,"{'a': 0.1, 'e': 0.543225}",20,0,-32.744577434337906,"{0: 16, 1: 3, 2: 0, 3: 0, 4: 1}",0
605,False,"{'a': 0.1, 'e': 0.5417124999999999}",20,0,5.876743827223405,"{0: 18, 1: 0, 2: 2, 3: 0, 4: 0}",0
606,False,"{'a': 0.1, 'e': 0.5401974999999999}",25,11,6.133042557254278,"{0: 12, 1: 1, 2: 1, 3: 0, 4: 0}",1
607,False,"{'a': 0.1, 'e': 0.5386799999999999}",20,12,-8.224084984830206,"{0: 5, 1: 2, 2: 1, 3: 0, 4: 0}",1
608,False,"{'a': 0.1, 'e': 0.53716}",20,0,-21.35118893326562,"{0: 16, 1: 1, 2: 2, 3: 1, 4: 0}",0
609,False,"{'a': 0.1, 'e': 0.5356375}",30,15,-89.66013789387397,"{0: 8, 1: 0, 2: 6, 3: 0, 4: 1}",1
610,False,"{'a': 0.1, 'e': 0.5341125}",20,0,-42.86032502198855,"{0: 15, 1: 2, 2: 2, 3: 0, 4: 1}",0
611,False,"{'a': 0.1, 'e': 0.532585}",30,0,-23.11857660939979,"{0: 24, 1: 2, 2: 4, 3: 0, 4: 0}",0
612,False,"{'a': 0.1, 'e': 0.5310549999999999}",25,14,-59.37489243667551,"{0: 7, 1: 1, 2: 1, 3: 1, 4: 1}",1
613,False,"{'a': 0.1, 'e': 0.5295224999999999}",25,5,-24.247921260125267,"{0: 17, 1: 0, 2: 1, 3: 2, 4: 0}",1
614,False,"{'a': 0.1, 'e': 0.5279874999999999}",20,15,9.055711687716048,"{0: 5, 1: 0, 2: 0, 3: 0, 4: 0}",1
615,False,"{'a': 0.1, 'e': 0.52645}",20,0,-56.45228719337596,"{0: 14, 1: 3, 2: 2, 3: 0, 4: 1}",0
616,False,"{'a': 0.1, 'e': 0.52491}",20,8,-50.2674412635223,"{0: 8, 1: 1, 2: 2, 3: 0, 4: 1}",1
617,False,"{'a': 0.1, 'e': 0.5233675}",25,9,10.952936351310841,"{0: 15, 1: 0, 2: 1, 3: 0, 4: 0}",1
618,False,"{'a': 0.1, 'e': 0.5218225}",25,18,-53.0048535501765,"{0: 5, 1: 0, 2: 0, 3: 1, 4: 1}",1
619,False,"{'a': 0.1, 'e': 0.5202749999999999}",20,0,-38.351758767508,"{0: 16, 1: 2, 2: 1, 3: 0, 4: 1}",0
620,False,"{'a': 0.1, 'e': 0.5187249999999999}",25,0,-114.34422147249686,"{0: 18, 1: 2, 2: 1, 3: 2, 4: 2}",0
621,False,"{'a': 0.1, 'e': 0.5171724999999999}",25,12,-1.244661430421075,"{0: 11, 1: 0, 2: 2, 3: 0, 4: 0}",1
622,False,"{'a': 0.1, 'e': 0.5156175}",20,0,-38.082528972254266,"{0: 17, 1: 1, 2: 1, 3: 0, 4: 1}",0
623,False,"{'a': 0.1, 'e': 0.51406}",20,9,-7.347868955452106,"{0: 9, 1: 1, 2: 0, 3: 1, 4: 0}",1
624,False,"{'a': 0.1, 'e': 0.5125}",35,12,-46.039753782087466,"{0: 18, 1: 1, 2: 3, 3: 0, 4: 1}",1
625,False,"{'a': 0.1, 'e': 0.5109374999999999}",20,0,-35.674425146272306,"{0: 15, 1: 1, 2: 3, 3: 1, 4: 0}",0
626,False,"{'a': 0.1, 'e': 0.5093724999999999}",25,13,-52.6348049227025,"{0: 9, 1: 1, 2: 0, 3: 1, 4: 1}",1
627,False,"{'a': 0.1, 'e': 0.5078049999999998}",30,17,1.9000885619898242,"{0: 12, 1: 0, 2: 0, 3: 1, 4: 0}",1
628,False,"{'a': 0.1, 'e': 0.5062349999999999}",25,5,-88.97304841262365,"{0: 14, 1: 2, 2: 2, 3: 0, 4: 2}",1
629,False,"{'a': 0.1, 'e': 0.5046624999999999}",25,6,26.945767187042172,"{0: 18, 1: 1, 2: 0, 3: 0, 4: 0}",1
630,False,"{'a': 0.1, 'e': 0.5030874999999999}",20,0,-35.77345156792721,"{0: 17, 1: 0, 2: 2, 3: 0, 4: 1}",0
631,False,"{'a': 0.1, 'e': 0.5015099999999999}",25,14,-11.771551803393152,"{0: 8, 1: 1, 2: 2, 3: 0, 4: 0}",1
632,False,"{'a': 0.1, 'e': 0.4999299999999999}",20,14,12.838910172016464,"{0: 6, 1: 0, 2: 0, 3: 0, 4: 0}",1
633,False,"{'a': 0.1, 'e': 0.4983474999999999}",30,12,-23.38649848007247,"{0: 14, 1: 1, 2: 2, 3: 1, 4: 0}",1
634,False,"{'a': 0.1, 'e': 0.4967624999999999}",20,1,16.25991910800887,"{0: 16, 1: 3, 2: 0, 3: 0, 4: 0}",1
635,False,"{'a': 0.1, 'e': 0.49517499999999987}",35,0,-48.22414657448812,"{0: 29, 1: 0, 2: 5, 3: 0, 4: 1}",0
636,False,"{'a': 0.1, 'e': 0.4935849999999999}",20,4,-23.164460298804443,"{0: 11, 1: 3, 2: 2, 3: 0, 4: 0}",1
637,False,"{'a': 0.1, 'e': 0.4919924999999999}",20,6,-36.17235791849365,"{0: 11, 1: 1, 2: 1, 3: 0, 4: 1}",1
638,False,"{'a': 0.1, 'e': 0.4903974999999999}",25,0,-60.550156769023104,"{0: 19, 1: 0, 2: 5, 3: 0, 4: 1}",1
639,False,"{'a': 0.1, 'e': 0.4887999999999999}",20,0,-37.66009373612848,"{0: 14, 1: 2, 2: 3, 3: 1, 4: 0}",0
640,False,"{'a': 0.1, 'e': 0.4871999999999999}",35,0,-113.4804964961529,"{0: 23, 1: 1, 2: 10, 3: 0, 4: 1}",0
641,False,"{'a': 0.1, 'e': 0.4855974999999999}",30,7,-3.695356402002928,"{0: 19, 1: 2, 2: 1, 3: 1, 4: 0}",1
642,False,"{'a': 0.1, 'e': 0.4839924999999999}",25,17,14.949752415988893,"{0: 8, 1: 0, 2: 0, 3: 0, 4: 0}",1
643,False,"{'a': 0.1, 'e': 0.4823849999999999}",25,0,-107.5921100476615,"{0: 16, 1: 0, 2: 7, 3: 1, 4: 1}",0
644,False,"{'a': 0.1, 'e': 0.4807749999999999}",20,0,-24.06715817256204,"{0: 17, 1: 2, 2: 0, 3: 0, 4: 1}",0
645,False,"{'a': 0.1, 'e': 0.4791624999999999}",20,6,4.577698251053426,"{0: 12, 1: 0, 2: 2, 3: 0, 4: 0}",1
646,False,"{'a': 0.1, 'e': 0.4775474999999999}",25,18,15.21539308079834,"{0: 7, 1: 0, 2: 0, 3: 0, 4: 0}",1
647,False,"{'a': 0.1, 'e': 0.4759299999999999}",30,16,-21.52412059167493,"{0: 10, 1: 0, 2: 4, 3: 0, 4: 0}",1
648,False,"{'a': 0.1, 'e': 0.4743099999999999}",20,9,-20.6058092736925,"{0: 8, 1: 1, 2: 1, 3: 1, 4: 0}",1
649,False,"{'a': 0.1, 'e': 0.47268749999999987}",20,8,-42.164432211111354,"{0: 9, 1: 1, 2: 1, 3: 0, 4: 1}",1
650,False,"{'a': 0.1, 'e': 0.4710624999999999}",25,6,35.70497853800894,"{0: 19, 1: 0, 2: 0, 3: 0, 4: 0}",1
651,False,"{'a': 0.1, 'e': 0.4694349999999999}",20,10,-16.506947827524023,"{0: 8, 1: 0, 2: 1, 3: 1, 4: 0}",1
652,False,"{'a': 0.1, 'e': 0.46780499999999986}",20,2,-62.09931668990598,"{0: 12, 1: 0, 2: 4, 3: 2, 4: 0}",1
653,False,"{'a': 0.1, 'e': 0.4661724999999999}",20,12,-5.938388881443696,"{0: 6, 1: 0, 2: 2, 3: 0, 4: 0}",1
654,False,"{'a': 0.1, 'e': 0.4645374999999999}",25,0,0.6733144933663946,"{0: 21, 1: 2, 2: 2, 3: 0, 4: 0}",0
655,False,"{'a': 0.1, 'e': 0.46289999999999987}",25,11,-24.82131061584784,"{0: 12, 1: 1, 2: 0, 3: 0, 4: 1}",1
656,False,"{'a': 0.1, 'e': 0.4612599999999999}",20,12,15.650358790584752,"{0: 8, 1: 0, 2: 0, 3: 0, 4: 0}",1
657,False,"{'a': 0.1, 'e': 0.4596174999999999}",25,8,-54.6500936303399,"{0: 12, 1: 1, 2: 3, 3: 0, 4: 1}",1
658,False,"{'a': 0.1, 'e': 0.4579724999999999}",20,14,-1.2928401359665447,"{0: 5, 1: 0, 2: 1, 3: 0, 4: 0}",1
659,False,"{'a': 0.1, 'e': 0.45632499999999987}",35,0,-118.48594274239005,"{0: 28, 1: 0, 2: 4, 3: 0, 4: 3}",0
660,False,"{'a': 0.1, 'e': 0.4546749999999999}",30,4,-71.46298133307016,"{0: 20, 1: 0, 2: 4, 3: 1, 4: 1}",1
661,False,"{'a': 0.1, 'e': 0.4530224999999999}",25,8,-20.23914648102072,"{0: 15, 1: 1, 2: 0, 3: 0, 4: 1}",1
662,False,"{'a': 0.1, 'e': 0.45136749999999987}",30,0,-2.8808937739318683,"{0: 25, 1: 2, 2: 3, 3: 0, 4: 0}",0
663,False,"{'a': 0.1, 'e': 0.4497099999999999}",20,0,-57.738140388270686,"{0: 15, 1: 1, 2: 3, 3: 0, 4: 1}",0
664,False,"{'a': 0.1, 'e': 0.4480499999999999}",25,0,-45.65416406683661,"{0: 20, 1: 0, 2: 4, 3: 0, 4: 1}",0
665,False,"{'a': 0.1, 'e': 0.4463874999999999}",20,10,-18.080223681199207,"{0: 7, 1: 0, 2: 3, 3: 0, 4: 0}",1
666,False,"{'a': 0.1, 'e': 0.44472249999999985}",20,0,-16.989543319655276,"{0: 16, 1: 0, 2: 4, 3: 0, 4: 0}",0
667,False,"{'a': 0.1, 'e': 0.44305499999999987}",20,10,1.1728694794090304,"{0: 8, 1: 1, 2: 1, 3: 0, 4: 0}",1
668,False,"{'a': 0.1, 'e': 0.44138499999999986}",20,7,-39.54261646928912,"{0: 10, 1: 1, 2: 1, 3: 0, 4: 1}",1
669,False,"{'a': 0.1, 'e': 0.43971249999999984}",30,8,-98.40072503563111,"{0: 16, 1: 2, 2: 1, 3: 1, 4: 2}",1
670,False,"{'a': 0.1, 'e': 0.43803749999999986}",30,0,0.5824658337230946,"{0: 26, 1: 1, 2: 3, 3: 0, 4: 0}",0
671,False,"{'a': 0.1, 'e': 0.43635999999999986}",30,23,-8.164236579830131,"{0: 6, 1: 0, 2: 0, 3: 1, 4: 0}",1
672,False,"{'a': 0.1, 'e': 0.43467999999999984}",20,4,8.076464973224997,"{0: 14, 1: 1, 2: 1, 3: 0, 4: 0}",1
673,False,"{'a': 0.1, 'e': 0.43299749999999987}",20,10,14.697735960427872,"{0: 10, 1: 0, 2: 0, 3: 0, 4: 0}",1
674,False,"{'a': 0.1, 'e': 0.4313124999999999}",25,14,8.945136714123631,"{0: 10, 1: 0, 2: 1, 3: 0, 4: 0}",1
675,False,"{'a': 0.1, 'e': 0.42962499999999987}",20,0,-7.708187958762793,"{0: 16, 1: 3, 2: 1, 3: 0, 4: 0}",0
676,False,"{'a': 0.1, 'e': 0.42793499999999984}",30,13,-41.728543626738926,"{0: 14, 1: 0, 2: 1, 3: 1, 4: 1}",1
677,False,"{'a': 0.1, 'e': 0.42624249999999986}",20,7,0.5374232662840133,"{0: 11, 1: 1, 2: 1, 3: 0, 4: 0}",1
678,False,"{'a': 0.1, 'e': 0.42454749999999986}",25,13,9.509698361060675,"{0: 11, 1: 0, 2: 1, 3: 0, 4: 0}",1
679,False,"{'a': 0.1, 'e': 0.42284999999999984}",20,0,-21.523401290885268,"{0: 18, 1: 1, 2: 0, 3: 0, 4: 1}",0
680,False,"{'a': 0.1, 'e': 0.42114999999999986}",20,0,6.979422154114244,"{0: 18, 1: 0, 2: 2, 3: 0, 4: 0}",0
681,False,"{'a': 0.1, 'e': 0.41944749999999986}",20,11,2.4099844989628587,"{0: 7, 1: 2, 2: 0, 3: 0, 4: 0}",1
682,False,"{'a': 0.1, 'e': 0.41774249999999985}",35,22,14.940870642688095,"{0: 12, 1: 1, 2: 0, 3: 0, 4: 0}",1
683,False,"{'a': 0.1, 'e': 0.4160349999999999}",20,0,5.750248357592197,"{0: 17, 1: 2, 2: 1, 3: 0, 4: 0}",0
684,False,"{'a': 0.1, 'e': 0.4143249999999999}",20,11,-26.308694830544397,"{0: 7, 1: 0, 2: 0, 3: 2, 4: 0}",1
685,False,"{'a': 0.1, 'e': 0.4126124999999999}",20,0,-40.11115854003678,"{0: 17, 1: 0, 2: 2, 3: 0, 4: 1}",0
686,False,"{'a': 0.1, 'e': 0.41089749999999986}",20,0,-43.7701779887425,"{0: 16, 1: 0, 2: 3, 3: 0, 4: 1}",0
687,False,"{'a': 0.1, 'e': 0.4091799999999999}",25,7,-99.5887034789349,"{0: 11, 1: 2, 2: 3, 3: 0, 4: 2}",1
688,False,"{'a': 0.1, 'e': 0.4074599999999999}",25,0,-58.90664592540911,"{0: 19, 1: 0, 2: 5, 3: 0, 4: 1}",1
689,False,"{'a': 0.1, 'e': 0.40573749999999986}",20,0,6.6801378316832345,"{0: 19, 1: 0, 2: 0, 3: 1, 4: 0}",0
690,False,"{'a': 0.1, 'e': 0.4040124999999999}",30,0,-78.49388163053837,"{0: 21, 1: 2, 2: 6, 3: 0, 4: 1}",1
691,False,"{'a': 0.1, 'e': 0.4022849999999999}",30,16,-95.03738072827993,"{0: 10, 1: 0, 2: 1, 3: 1, 4: 2}",1
692,False,"{'a': 0.1, 'e': 0.4005549999999999}",20,0,-65.7363481264314,"{0: 14, 1: 2, 2: 2, 3: 1, 4: 1}",0
693,False,"{'a': 0.1, 'e': 0.39882249999999986}",25,18,10.086189345125531,"{0: 7, 1: 0, 2: 0, 3: 0, 4: 0}",1
694,False,"{'a': 0.1, 'e': 0.39708749999999987}",30,1,-1.6688102950087202,"{0: 25, 1: 1, 2: 3, 3: 0, 4: 0}",1
695,False,"{'a': 0.1, 'e': 0.39534999999999987}",20,13,-12.579034567441362,"{0: 5, 1: 0, 2: 2, 3: 0, 4: 0}",1
696,False,"{'a': 0.1, 'e': 0.39360999999999985}",20,14,12.425143663880302,"{0: 6, 1: 0, 2: 0, 3: 0, 4: 0}",1
697,False,"{'a': 0.1, 'e': 0.39186749999999987}",20,6,7.91606990931738,"{0: 12, 1: 2, 2: 0, 3: 0, 4: 0}",1
698,False,"{'a': 0.1, 'e': 0.39012249999999987}",25,4,-66.63244561829504,"{0: 15, 1: 2, 2: 2, 3: 1, 4: 1}",1
699,False,"{'a': 0.1, 'e': 0.38837499999999986}",30,6,-0.7162255148742838,"{0: 21, 1: 1, 2: 1, 3: 1, 4: 0}",1
700,False,"{'a': 0.1, 'e': 0.3866249999999999}",25,14,-3.7366153877180364,"{0: 9, 1: 0, 2: 2, 3: 0, 4: 0}",1
701,False,"{'a': 0.1, 'e': 0.3848724999999999}",25,17,0.29956256391129443,"{0: 6, 1: 2, 2: 0, 3: 0, 4: 0}",1
702,False,"{'a': 0.1, 'e': 0.3831174999999999}",20,0,10.95636736164969,"{0: 18, 1: 0, 2: 2, 3: 0, 4: 0}",0
703,False,"{'a': 0.1, 'e': 0.38135999999999987}",20,0,-45.20980354172053,"{0: 16, 1: 1, 2: 2, 3: 0, 4: 1}",0
704,False,"{'a': 0.1, 'e': 0.3795999999999999}",20,14,11.177864388503115,"{0: 6, 1: 0, 2: 0, 3: 0, 4: 0}",1
705,False,"{'a': 0.1, 'e': 0.3778374999999999}",20,10,-23.23662520806409,"{0: 9, 1: 0, 2: 0, 3: 0, 4: 1}",1
706,False,"{'a': 0.1, 'e': 0.37607249999999987}",20,10,-23.86807664056448,"{0: 8, 1: 0, 2: 0, 3: 2, 4: 0}",1
707,False,"{'a': 0.1, 'e': 0.3743049999999999}",20,3,-46.330645657658366,"{0: 13, 1: 0, 2: 3, 3: 0, 4: 1}",1
708,False,"{'a': 0.1, 'e': 0.3725349999999999}",20,9,-15.072050143377668,"{0: 9, 1: 0, 2: 1, 3: 1, 4: 0}",1
709,False,"{'a': 0.1, 'e': 0.3707624999999999}",20,0,11.089536223190567,"{0: 18, 1: 1, 2: 1, 3: 0, 4: 0}",0
710,False,"{'a': 0.1, 'e': 0.36898749999999986}",25,8,-15.237058790893455,"{0: 16, 1: 0, 2: 0, 3: 0, 4: 1}",1
711,False,"{'a': 0.1, 'e': 0.36720999999999987}",20,6,12.50294723894495,"{0: 13, 1: 0, 2: 1, 3: 0, 4: 0}",1
712,False,"{'a': 0.1, 'e': 0.36542999999999987}",20,0,-3.186878422939525,"{0: 16, 1: 2, 2: 2, 3: 0, 4: 0}",1
713,False,"{'a': 0.1, 'e': 0.36364749999999985}",25,13,19.760409960741462,"{0: 12, 1: 0, 2: 0, 3: 0, 4: 0}",1
714,False,"{'a': 0.1, 'e': 0.36186249999999986}",25,15,12.819385007679088,"{0: 9, 1: 1, 2: 0, 3: 0, 4: 0}",1
715,False,"{'a': 0.1, 'e': 0.36007499999999987}",30,16,25.51000430560824,"{0: 14, 1: 0, 2: 0, 3: 0, 4: 0}",1
716,False,"{'a': 0.1, 'e': 0.35828499999999985}",20,2,-10.962934244235834,"{0: 15, 1: 1, 2: 1, 3: 1, 4: 0}",1
717,False,"{'a': 0.1, 'e': 0.3564924999999999}",25,7,-50.77113822559769,"{0: 14, 1: 0, 2: 2, 3: 1, 4: 1}",1
718,False,"{'a': 0.1, 'e': 0.3546974999999999}",30,13,-60.28588885052961,"{0: 12, 1: 0, 2: 4, 3: 0, 4: 1}",1
719,False,"{'a': 0.1, 'e': 0.3528999999999999}",30,14,9.304519190538132,"{0: 14, 1: 1, 2: 1, 3: 0, 4: 0}",1
720,False,"{'a': 0.1, 'e': 0.35109999999999986}",20,10,19.85174507156957,"{0: 10, 1: 0, 2: 0, 3: 0, 4: 0}",1
721,False,"{'a': 0.1, 'e': 0.34929749999999987}",20,8,20.966127421541323,"{0: 12, 1: 0, 2: 0, 3: 0, 4: 0}",1
722,False,"{'a': 0.1, 'e': 0.34749249999999987}",35,10,-62.55786646205842,"{0: 19, 1: 1, 2: 3, 3: 1, 4: 1}",1
723,False,"{'a': 0.1, 'e': 0.34568499999999985}",25,5,27.353004833723723,"{0: 19, 1: 1, 2: 0, 3: 0, 4: 0}",1
724,False,"{'a': 0.1, 'e': 0.3438749999999999}",30,0,-5.754437678180281,"{0: 28, 1: 1, 2: 0, 3: 0, 4: 1}",0
725,False,"{'a': 0.1, 'e': 0.3420624999999999}",20,0,2.9340902291371407,"{0: 17, 1: 1, 2: 2, 3: 0, 4: 0}",0
726,False,"{'a': 0.1, 'e': 0.34024749999999987}",20,0,-49.8399478063989,"{0: 16, 1: 0, 2: 2, 3: 1, 4: 1}",0
727,False,"{'a': 0.1, 'e': 0.33842999999999984}",25,8,-5.344668703720698,"{0: 14, 1: 0, 2: 3, 3: 0, 4: 0}",1
728,False,"{'a': 0.1, 'e': 0.33660999999999985}",30,12,-33.86030920267131,"{0: 15, 1: 0, 2: 2, 3: 0, 4: 1}",1
729,False,"{'a': 0.1, 'e': 0.33478749999999985}",20,15,3.9688988882771254,"{0: 4, 1: 1, 2: 0, 3: 0, 4: 0}",1
730,False,"{'a': 0.1, 'e': 0.33296249999999983}",20,13,1.120972335534419,"{0: 6, 1: 0, 2: 1, 3: 0, 4: 0}",1
731,False,"{'a': 0.1, 'e': 0.33113499999999985}",20,8,7.421285252911339,"{0: 11, 1: 0, 2: 1, 3: 0, 4: 0}",1
732,False,"{'a': 0.1, 'e': 0.32930499999999985}",20,0,-40.12740447744389,"{0: 17, 1: 0, 2: 1, 3: 1, 4: 1}",0
733,False,"{'a': 0.1, 'e': 0.32747249999999983}",25,20,8.318721896140687,"{0: 5, 1: 0, 2: 0, 3: 0, 4: 0}",1
734,False,"{'a': 0.1, 'e': 0.32563749999999986}",30,7,16.429251887366398,"{0: 21, 1: 1, 2: 1, 3: 0, 4: 0}",1
735,False,"{'a': 0.1, 'e': 0.32379999999999987}",20,4,-33.796232998325664,"{0: 14, 1: 0, 2: 1, 3: 0, 4: 1}",1
736,False,"{'a': 0.1, 'e': 0.32195999999999986}",20,0,-82.46150664845837,"{0: 16, 1: 0, 2: 1, 3: 1, 4: 2}",0
737,False,"{'a': 0.1, 'e': 0.32011749999999983}",30,19,-12.155904558686661,"{0: 9, 1: 1, 2: 0, 3: 1, 4: 0}",1
738,False,"{'a': 0.1, 'e': 0.31827249999999985}",20,1,-3.1418342432963646,"{0: 16, 1: 0, 2: 3, 3: 0, 4: 0}",1
739,False,"{'a': 0.1, 'e': 0.31642499999999985}",20,8,12.778856145660546,"{0: 11, 1: 1, 2: 0, 3: 0, 4: 0}",1
740,False,"{'a': 0.1, 'e': 0.3145749999999998}",20,1,31.24975827235116,"{0: 19, 1: 0, 2: 0, 3: 0, 4: 0}",1
741,False,"{'a': 0.1, 'e': 0.31272249999999985}",20,8,-0.4188505873470527,"{0: 10, 1: 0, 2: 2, 3: 0, 4: 0}",1
742,False,"{'a': 0.1, 'e': 0.31086749999999985}",25,7,15.434097795477722,"{0: 17, 1: 0, 2: 1, 3: 0, 4: 0}",1
743,False,"{'a': 0.1, 'e': 0.30900999999999984}",20,7,-21.323555154076363,"{0: 12, 1: 0, 2: 0, 3: 0, 4: 1}",1
744,False,"{'a': 0.1, 'e': 0.30714999999999987}",25,13,21.22614201776705,"{0: 12, 1: 0, 2: 0, 3: 0, 4: 0}",1
745,False,"{'a': 0.1, 'e': 0.3052874999999999}",20,0,5.523550977442721,"{0: 19, 1: 0, 2: 0, 3: 1, 4: 0}",0
746,False,"{'a': 0.1, 'e': 0.3034224999999999}",25,14,7.114530707270418,"{0: 10, 1: 0, 2: 1, 3: 0, 4: 0}",1
747,False,"{'a': 0.1, 'e': 0.30155499999999985}",20,0,-56.99811289508886,"{0: 16, 1: 0, 2: 2, 3: 1, 4: 1}",0
748,False,"{'a': 0.1, 'e': 0.29968499999999987}",25,16,-14.651489272609583,"{0: 7, 1: 0, 2: 1, 3: 1, 4: 0}",1
749,False,"{'a': 0.1, 'e': 0.29781249999999987}",30,11,12.487863579871863,"{0: 16, 1: 1, 2: 2, 3: 0, 4: 0}",1
750,False,"{'a': 0.1, 'e': 0.29593749999999985}",20,6,-66.63499861075233,"{0: 9, 1: 0, 2: 4, 3: 0, 4: 1}",1
751,False,"{'a': 0.1, 'e': 0.2940599999999999}",20,0,28.945749921749997,"{0: 20, 1: 0, 2: 0, 3: 0, 4: 0}",0
752,False,"{'a': 0.1, 'e': 0.2921799999999999}",30,12,-15.923393757059298,"{0: 13, 1: 2, 2: 3, 3: 0, 4: 0}",1
753,False,"{'a': 0.1, 'e': 0.2902974999999999}",20,5,3.3741152490208473,"{0: 14, 1: 0, 2: 0, 3: 1, 4: 0}",1
754,False,"{'a': 0.1, 'e': 0.28841249999999985}",20,13,3.045152776145927,"{0: 6, 1: 0, 2: 1, 3: 0, 4: 0}",1
755,False,"{'a': 0.1, 'e': 0.28652499999999986}",20,6,23.054835707946104,"{0: 14, 1: 0, 2: 0, 3: 0, 4: 0}",1
756,False,"{'a': 0.1, 'e': 0.28463499999999986}",25,0,-5.25083612814112,"{0: 21, 1: 1, 2: 3, 3: 0, 4: 0}",0
757,False,"{'a': 0.1, 'e': 0.28274249999999984}",20,8,9.051379492497066,"{0: 11, 1: 0, 2: 1, 3: 0, 4: 0}",1
758,False,"{'a': 0.1, 'e': 0.28084749999999986}",20,4,12.92988578071358,"{0: 15, 1: 0, 2: 1, 3: 0, 4: 0}",1
759,False,"{'a': 0.1, 'e': 0.27894999999999986}",25,15,16.88711866586519,"{0: 10, 1: 0, 2: 0, 3: 0, 4: 0}",1
760,False,"{'a': 0.1, 'e': 0.27704999999999985}",20,16,8.897549536357383,"{0: 4, 1: 0, 2: 0, 3: 0, 4: 0}",1
761,False,"{'a': 0.1, 'e': 0.2751474999999999}",20,2,-32.36827938265466,"{0: 12, 1: 2, 2: 4, 3: 0, 4: 0}",1
762,False,"{'a': 0.1, 'e': 0.2732424999999999}",20,0,18.182377680714726,"{0: 19, 1: 1, 2: 0, 3: 0, 4: 0}",1
763,False,"{'a': 0.1, 'e': 0.2713349999999999}",25,19,0.1457334296144428,"{0: 5, 1: 0, 2: 1, 3: 0, 4: 0}",1
764,False,"{'a': 0.1, 'e': 0.26942499999999986}",30,13,-18.861946429438454,"{0: 15, 1: 0, 2: 1, 3: 0, 4: 1}",1
765,False,"{'a': 0.1, 'e': 0.2675124999999999}",25,1,-10.183522828631402,"{0: 22, 1: 0, 2: 1, 3: 0, 4: 1}",1
766,False,"{'a': 0.1, 'e': 0.2655974999999999}",30,2,-69.54928961771378,"{0: 23, 1: 1, 2: 2, 3: 0, 4: 2}",1
767,False,"{'a': 0.1, 'e': 0.26367999999999986}",20,13,1.1816815649448698,"{0: 6, 1: 0, 2: 1, 3: 0, 4: 0}",1
768,False,"{'a': 0.1, 'e': 0.2617599999999999}",25,7,-31.773955186722212,"{0: 15, 1: 0, 2: 2, 3: 0, 4: 1}",1
769,False,"{'a': 0.1, 'e': 0.2598374999999999}",20,11,13.869126263115437,"{0: 9, 1: 0, 2: 0, 3: 0, 4: 0}",1
770,False,"{'a': 0.1, 'e': 0.2579124999999999}",25,0,-2.1185934324518065,"{0: 24, 1: 0, 2: 0, 3: 0, 4: 1}",0
771,False,"{'a': 0.1, 'e': 0.25598499999999985}",20,5,10.954571452275587,"{0: 14, 1: 0, 2: 1, 3: 0, 4: 0}",1
772,False,"{'a': 0.1, 'e': 0.25405499999999986}",20,15,13.547200879431887,"{0: 5, 1: 0, 2: 0, 3: 0, 4: 0}",1
773,False,"{'a': 0.1, 'e': 0.25212249999999986}",20,5,23.42865653565717,"{0: 15, 1: 0, 2: 0, 3: 0, 4: 0}",1
774,False,"{'a': 0.1, 'e': 0.25018749999999984}",25,11,-14.766235420550684,"{0: 11, 1: 1, 2: 1, 3: 1, 4: 0}",1
775,False,"{'a': 0.1, 'e': 0.24824999999999983}",25,15,-21.256395096731374,"{0: 9, 1: 0, 2: 0, 3: 0, 4: 1}",1
776,False,"{'a': 0.1, 'e': 0.24630999999999983}",25,6,4.021128016164671,"{0: 17, 1: 0, 2: 2, 3: 0, 4: 0}",1
777,False,"{'a': 0.1, 'e': 0.24436749999999982}",20,8,17.33379548349275,"{0: 12, 1: 0, 2: 0, 3: 0, 4: 0}",1
778,False,"{'a': 0.1, 'e': 0.24242249999999982}",30,10,33.44441730667932,"{0: 20, 1: 0, 2: 0, 3: 0, 4: 0}",1
779,False,"{'a': 0.1, 'e': 0.24047499999999983}",20,4,24.19954914352781,"{0: 16, 1: 0, 2: 0, 3: 0, 4: 0}",1
780,False,"{'a': 0.1, 'e': 0.23852499999999982}",20,2,16.773049715320496,"{0: 16, 1: 1, 2: 1, 3: 0, 4: 0}",1
781,False,"{'a': 0.1, 'e': 0.23657249999999982}",20,14,11.9580406633829,"{0: 6, 1: 0, 2: 0, 3: 0, 4: 0}",1
782,False,"{'a': 0.1, 'e': 0.2346174999999998}",25,11,-12.441412269169117,"{0: 13, 1: 0, 2: 0, 3: 0, 4: 1}",1
783,False,"{'a': 0.1, 'e': 0.2326599999999998}",25,10,3.3407828680465474,"{0: 13, 1: 0, 2: 2, 3: 0, 4: 0}",1
784,False,"{'a': 0.1, 'e': 0.23069999999999982}",20,9,6.096525271118148,"{0: 10, 1: 0, 2: 1, 3: 0, 4: 0}",1
785,False,"{'a': 0.1, 'e': 0.22873749999999982}",20,0,-16.174491125260527,"{0: 17, 1: 0, 2: 2, 3: 1, 4: 0}",0
786,False,"{'a': 0.1, 'e': 0.22677249999999982}",35,12,-15.030391914369467,"{0: 21, 1: 0, 2: 1, 3: 0, 4: 1}",1
787,False,"{'a': 0.1, 'e': 0.2248049999999998}",20,5,-24.405389184076608,"{0: 13, 1: 0, 2: 1, 3: 0, 4: 1}",1
788,False,"{'a': 0.1, 'e': 0.2228349999999998}",25,0,12.1943553454468,"{0: 22, 1: 1, 2: 2, 3: 0, 4: 0}",0
789,False,"{'a': 0.1, 'e': 0.22086249999999982}",20,10,17.408176444448017,"{0: 10, 1: 0, 2: 0, 3: 0, 4: 0}",1
790,False,"{'a': 0.1, 'e': 0.21888749999999982}",20,13,14.8067753488525,"{0: 7, 1: 0, 2: 0, 3: 0, 4: 0}",1
791,False,"{'a': 0.1, 'e': 0.21690999999999983}",25,16,5.145683247653309,"{0: 8, 1: 0, 2: 1, 3: 0, 4: 0}",1
792,False,"{'a': 0.1, 'e': 0.21492999999999982}",20,14,0.9522326583771068,"{0: 5, 1: 0, 2: 1, 3: 0, 4: 0}",1
793,False,"{'a': 0.1, 'e': 0.21294749999999982}",20,11,16.598302968810497,"{0: 9, 1: 0, 2: 0, 3: 0, 4: 0}",1
794,False,"{'a': 0.1, 'e': 0.21096249999999983}",20,13,1.3730520114487756,"{0: 6, 1: 0, 2: 1, 3: 0, 4: 0}",1
795,False,"{'a': 0.1, 'e': 0.20897499999999983}",25,11,-25.343188626201893,"{0: 12, 1: 1, 2: 0, 3: 0, 4: 1}",1
796,False,"{'a': 0.1, 'e': 0.20698499999999984}",30,16,-16.098285738250237,"{0: 13, 1: 0, 2: 0, 3: 0, 4: 1}",1
797,False,"{'a': 0.1, 'e': 0.20499249999999983}",20,0,14.451426057782209,"{0: 19, 1: 0, 2: 1, 3: 0, 4: 0}",0
798,False,"{'a': 0.1, 'e': 0.20299749999999983}",25,16,17.382290601804932,"{0: 9, 1: 0, 2: 0, 3: 0, 4: 0}",1
799,False,"{'a': 0.1, 'e': 0.20099999999999982}",25,16,15.311544680461223,"{0: 9, 1: 0, 2: 0, 3: 0, 4: 0}",1
800,False,"{'a': 0.1, 'e': 0.19899999999999982}",20,3,2.570128592389379,"{0: 15, 1: 0, 2: 2, 3: 0, 4: 0}",1
801,False,"{'a': 0.1, 'e': 0.19699749999999983}",25,9,20.598169224205186,"{0: 15, 1: 0, 2: 1, 3: 0, 4: 0}",1
802,False,"{'a': 0.1, 'e': 0.19499249999999982}",20,0,10.61017774206901,"{0: 18, 1: 0, 2: 2, 3: 0, 4: 0}",0
803,False,"{'a': 0.1, 'e': 0.19298499999999982}",35,20,31.41654369763217,"{0: 15, 1: 0, 2: 0, 3: 0, 4: 0}",1
804,False,"{'a': 0.1, 'e': 0.1909749999999998}",25,20,9.605565605000098,"{0: 5, 1: 0, 2: 0, 3: 0, 4: 0}",1
805,False,"{'a': 0.1, 'e': 0.1889624999999998}",20,10,-2.845303526856078,"{0: 9, 1: 0, 2: 0, 3: 1, 4: 0}",1
806,False,"{'a': 0.1, 'e': 0.18694749999999982}",35,13,28.033248476684566,"{0: 21, 1: 0, 2: 1, 3: 0, 4: 0}",1
807,False,"{'a': 0.1, 'e': 0.18492999999999982}",20,9,23.547887015768463,"{0: 11, 1: 0, 2: 0, 3: 0, 4: 0}",1
808,False,"{'a': 0.1, 'e': 0.18290999999999982}",20,4,25.663104899088733,"{0: 16, 1: 0, 2: 0, 3: 0, 4: 0}",1
809,False,"{'a': 0.1, 'e': 0.1808874999999998}",20,5,26.788333590336183,"{0: 15, 1: 0, 2: 0, 3: 0, 4: 0}",1
810,False,"{'a': 0.1, 'e': 0.1788624999999998}",25,13,19.731590612654507,"{0: 12, 1: 0, 2: 0, 3: 0, 4: 0}",1
811,False,"{'a': 0.1, 'e': 0.17683499999999983}",25,11,11.545240001082238,"{0: 13, 1: 0, 2: 1, 3: 0, 4: 0}",1
812,False,"{'a': 0.1, 'e': 0.17480499999999982}",25,14,-5.716746818151888,"{0: 9, 1: 0, 2: 2, 3: 0, 4: 0}",1
813,False,"{'a': 0.1, 'e': 0.17277249999999983}",30,13,29.262924707905448,"{0: 17, 1: 0, 2: 0, 3: 0, 4: 0}",1
814,False,"{'a': 0.1, 'e': 0.17073749999999982}",25,11,21.722068567325557,"{0: 14, 1: 0, 2: 0, 3: 0, 4: 0}",1
815,False,"{'a': 0.1, 'e': 0.16869999999999982}",25,8,7.444447362110904,"{0: 15, 1: 1, 2: 1, 3: 0, 4: 0}",1
816,False,"{'a': 0.1, 'e': 0.1666599999999998}",35,19,29.952721744664135,"{0: 16, 1: 0, 2: 0, 3: 0, 4: 0}",1
817,False,"{'a': 0.1, 'e': 0.1646174999999998}",25,14,-3.5903872075756063,"{0: 9, 1: 0, 2: 2, 3: 0, 4: 0}",1
818,False,"{'a': 0.1, 'e': 0.16257249999999981}",25,3,13.414646534454311,"{0: 20, 1: 1, 2: 1, 3: 0, 4: 0}",1
819,False,"{'a': 0.1, 'e': 0.1605249999999998}",25,7,9.53356884196651,"{0: 16, 1: 0, 2: 2, 3: 0, 4: 0}",1
820,False,"{'a': 0.1, 'e': 0.1584749999999998}",35,18,-21.95403083663172,"{0: 15, 1: 0, 2: 1, 3: 0, 4: 1}",1
821,False,"{'a': 0.1, 'e': 0.1564224999999998}",30,16,15.264750927239145,"{0: 13, 1: 0, 2: 1, 3: 0, 4: 0}",1
822,False,"{'a': 0.1, 'e': 0.1543674999999998}",20,16,7.876379359616927,"{0: 4, 1: 0, 2: 0, 3: 0, 4: 0}",1
823,False,"{'a': 0.1, 'e': 0.1523099999999998}",25,12,20.425242884833132,"{0: 13, 1: 0, 2: 0, 3: 0, 4: 0}",1
824,False,"{'a': 0.1, 'e': 0.1502499999999998}",35,17,21.026171261775026,"{0: 17, 1: 0, 2: 1, 3: 0, 4: 0}",1
825,False,"{'a': 0.1, 'e': 0.1481874999999998}",25,8,34.34561074629428,"{0: 17, 1: 0, 2: 0, 3: 0, 4: 0}",1
826,False,"{'a': 0.1, 'e': 0.1461224999999998}",20,16,7.187169938407465,"{0: 4, 1: 0, 2: 0, 3: 0, 4: 0}",1
827,False,"{'a': 0.1, 'e': 0.1440549999999998}",20,14,11.782604648460747,"{0: 6, 1: 0, 2: 0, 3: 0, 4: 0}",1
828,False,"{'a': 0.1, 'e': 0.1419849999999998}",20,10,8.909089477324716,"{0: 9, 1: 1, 2: 0, 3: 0, 4: 0}",1
829,False,"{'a': 0.1, 'e': 0.1399124999999998}",20,10,17.235659089506587,"{0: 10, 1: 0, 2: 0, 3: 0, 4: 0}",1
830,False,"{'a': 0.1, 'e': 0.1378374999999998}",25,13,-14.367776052496284,"{0: 10, 1: 0, 2: 1, 3: 1, 4: 0}",1
831,False,"{'a': 0.1, 'e': 0.1357599999999998}",25,8,17.702274753527842,"{0: 16, 1: 0, 2: 1, 3: 0, 4: 0}",1
832,False,"{'a': 0.1, 'e': 0.1336799999999998}",35,18,4.082451470569458,"{0: 15, 1: 1, 2: 0, 3: 1, 4: 0}",1
833,False,"{'a': 0.1, 'e': 0.1315974999999998}",25,8,26.26436787641802,"{0: 17, 1: 0, 2: 0, 3: 0, 4: 0}",1
834,False,"{'a': 0.1, 'e': 0.1295124999999998}",30,16,26.536587549558607,"{0: 14, 1: 0, 2: 0, 3: 0, 4: 0}",1
835,False,"{'a': 0.1, 'e': 0.12742499999999982}",30,18,21.291390868676267,"{0: 12, 1: 0, 2: 0, 3: 0, 4: 0}",1
836,False,"{'a': 0.1, 'e': 0.1253349999999998}",20,0,-35.082776140614136,"{0: 17, 1: 0, 2: 2, 3: 0, 4: 1}",0
837,False,"{'a': 0.1, 'e': 0.12324249999999981}",20,15,10.804500555865703,"{0: 5, 1: 0, 2: 0, 3: 0, 4: 0}",1
838,False,"{'a': 0.1, 'e': 0.12114749999999981}",25,16,16.623237024453132,"{0: 9, 1: 0, 2: 0, 3: 0, 4: 0}",1
839,False,"{'a': 0.1, 'e': 0.11904999999999981}",20,16,7.157394266236777,"{0: 4, 1: 0, 2: 0, 3: 0, 4: 0}",1
840,False,"{'a': 0.1, 'e': 0.1169499999999998}",20,6,-13.492323371100108,"{0: 13, 1: 0, 2: 0, 3: 0, 4: 1}",1
841,False,"{'a': 0.1, 'e': 0.1148474999999998}",30,3,31.41309981972299,"{0: 25, 1: 1, 2: 1, 3: 0, 4: 0}",1
842,False,"{'a': 0.1, 'e': 0.1127424999999998}",25,16,19.05528705319645,"{0: 9, 1: 0, 2: 0, 3: 0, 4: 0}",1
843,False,"{'a': 0.1, 'e': 0.1106349999999998}",25,10,-24.598515968757702,"{0: 13, 1: 0, 2: 1, 3: 0, 4: 1}",1
844,False,"{'a': 0.1, 'e': 0.1085249999999998}",30,0,26.460399367019235,"{0: 28, 1: 0, 2: 2, 3: 0, 4: 0}",1
845,False,"{'a': 0.1, 'e': 0.1064124999999998}",30,15,12.202636451578762,"{0: 13, 1: 0, 2: 2, 3: 0, 4: 0}",1
846,False,"{'a': 0.1, 'e': 0.1042974999999998}",20,14,10.936447906206293,"{0: 6, 1: 0, 2: 0, 3: 0, 4: 0}",1
847,False,"{'a': 0.1, 'e': 0.1021799999999998}",25,16,5.8995378711870385,"{0: 8, 1: 0, 2: 1, 3: 0, 4: 0}",1
848,False,"{'a': 0.1, 'e': 0.1000599999999998}",25,11,24.357337606762364,"{0: 14, 1: 0, 2: 0, 3: 0, 4: 0}",1
849,False,"{'a': 0.1, 'e': 0.0979374999999998}",25,16,5.180771253964242,"{0: 8, 1: 0, 2: 1, 3: 0, 4: 0}",1
850,False,"{'a': 0.1, 'e': 0.0958124999999998}",20,8,22.217074196463518,"{0: 12, 1: 0, 2: 0, 3: 0, 4: 0}",1
851,False,"{'a': 0.1, 'e': 0.0936849999999998}",25,10,17.56234371743721,"{0: 14, 1: 0, 2: 1, 3: 0, 4: 0}",1
852,False,"{'a': 0.1, 'e': 0.09155499999999979}",25,3,-1.1051114020531583,"{0: 21, 1: 0, 2: 0, 3: 0, 4: 1}",1
853,False,"{'a': 0.1, 'e': 0.0894224999999998}",30,22,18.36529462861264,"{0: 8, 1: 0, 2: 0, 3: 0, 4: 0}",1
854,False,"{'a': 0.1, 'e': 0.0872874999999998}",25,19,13.717957231029793,"{0: 6, 1: 0, 2: 0, 3: 0, 4: 0}",1
855,False,"{'a': 0.1, 'e': 0.0851499999999998}",25,11,23.296435693465448,"{0: 14, 1: 0, 2: 0, 3: 0, 4: 0}",1
856,False,"{'a': 0.1, 'e': 0.08300999999999979}",20,8,22.345860784332597,"{0: 12, 1: 0, 2: 0, 3: 0, 4: 0}",1
857,False,"{'a': 0.1, 'e': 0.08086749999999979}",25,17,11.963567521782608,"{0: 8, 1: 0, 2: 0, 3: 0, 4: 0}",1
858,False,"{'a': 0.1, 'e': 0.07872249999999979}",20,16,8.952868759654425,"{0: 4, 1: 0, 2: 0, 3: 0, 4: 0}",1
859,False,"{'a': 0.1, 'e': 0.0765749999999998}",20,9,17.41632125530264,"{0: 10, 1: 1, 2: 0, 3: 0, 4: 0}",1
860,False,"{'a': 0.1, 'e': 0.0744249999999998}",20,13,0.9269094219276728,"{0: 6, 1: 0, 2: 1, 3: 0, 4: 0}",1
861,False,"{'a': 0.1, 'e': 0.0722724999999998}",25,20,10.987708837862732,"{0: 5, 1: 0, 2: 0, 3: 0, 4: 0}",1
862,False,"{'a': 0.1, 'e': 0.07011749999999979}",20,14,11.205113791874723,"{0: 6, 1: 0, 2: 0, 3: 0, 4: 0}",1
863,False,"{'a': 0.1, 'e': 0.06795999999999978}",25,16,18.05339636488213,"{0: 9, 1: 0, 2: 0, 3: 0, 4: 0}",1
864,False,"{'a': 0.1, 'e': 0.06579999999999979}",20,8,10.420164737004491,"{0: 11, 1: 0, 2: 1, 3: 0, 4: 0}",1
865,False,"{'a': 0.1, 'e': 0.06363749999999979}",30,13,19.211519835292584,"{0: 16, 1: 0, 2: 1, 3: 0, 4: 0}",1
866,False,"{'a': 0.1, 'e': 0.06147249999999979}",20,0,21.221738803467193,"{0: 19, 1: 0, 2: 1, 3: 0, 4: 0}",0
867,False,"{'a': 0.1, 'e': 0.05930499999999979}",20,10,19.143296964791617,"{0: 10, 1: 0, 2: 0, 3: 0, 4: 0}",1
868,False,"{'a': 0.1, 'e': 0.05713499999999979}",20,16,9.45673128854933,"{0: 4, 1: 0, 2: 0, 3: 0, 4: 0}",1
869,False,"{'a': 0.1, 'e': 0.05496249999999979}",30,17,23.98009027278848,"{0: 13, 1: 0, 2: 0, 3: 0, 4: 0}",1
870,False,"{'a': 0.1, 'e': 0.052787499999999786}",20,16,8.726914484144904,"{0: 4, 1: 0, 2: 0, 3: 0, 4: 0}",1
871,False,"{'a': 0.1, 'e': 0.05060999999999979}",25,0,-0.6005906216323589,"{0: 24, 1: 0, 2: 0, 3: 0, 4: 1}",0
872,False,"{'a': 0.1, 'e': 0.048429999999999786}",20,14,-9.70275026657087,"{0: 5, 1: 0, 2: 0, 3: 1, 4: 0}",1
1,True,"{'a': 0, 'e': 0}",25,16,18.559415209076402,"{0: 9, 1: 0, 2: 0, 3: 0, 4: 0}",1
2,True,"{'a': 0, 'e': 0}",30,17,23.193495587869155,"{0: 13, 1: 0, 2: 0, 3: 0, 4: 0}",1
3,True,"{'a': 0, 'e': 0}",25,11,22.80935954987479,"{0: 14, 1: 0, 2: 0, 3: 0, 4: 0}",1
4,True,"{'a': 0, 'e': 0}",25,8,35.5965847242,"{0: 17, 1: 0, 2: 0, 3: 0, 4: 0}",1
5,True,"{'a': 0, 'e': 0}",25,17,15.847572996146432,"{0: 8, 1: 0, 2: 0, 3: 0, 4: 0}",1
6,True,"{'a': 0, 'e': 0}",20,7,23.3309760670132,"{0: 13, 1: 0, 2: 0, 3: 0, 4: 0}",1
7,True,"{'a': 0, 'e': 0}",25,15,18.434955369957695,"{0: 10, 1: 0, 2: 0, 3: 0, 4: 0}",1
8,True,"{'a': 0, 'e': 0}",20,11,13.610702438190135,"{0: 9, 1: 0, 2: 0, 3: 0, 4: 0}",1
9,True,"{'a': 0, 'e': 0}",25,5,34.73304855849018,"{0: 20, 1: 0, 2: 0, 3: 0, 4: 0}",1
10,True,"{'a': 0, 'e': 0}",20,9,23.422325575593334,"{0: 11, 1: 0, 2: 0, 3: 0, 4: 0}",1
